{"resourceType":"ImplementationGuide","id":"covid19","url":"http://fhir.logicahealth.org/covid19/ImplementationGuide/covid19","version":"0.1.0","name":"LogicaImplementationGuideCovid19","title":"Logica Implementation Guide: Covid-19","status":"active","publisher":"COVID-19 Healthcare Coalition","contact":[{"name":"Logica Health","telecom":[{"system":"url","value":"https://c19hcc.org/"}]}],"description":"The COVID-19 IG describes structured data to be collected and communicated between providers and aggregators.","packageId":"covid19","license":"CC0-1.0","fhirVersion":["4.0.1"],"dependsOn":[{"uri":"http://hl7.org/fhir/us/core/ImplementationGuide/hl7.fhir.us.core","packageId":"hl7.fhir.us.core","version":"3.1.0"}],"definition":{"resource":[{"reference":{"reference":"StructureDefinition/c19-coded-laboratory-observation-base"},"name":"Coded Laboratory Observation Base","description":"Abstract base class for coded laboratory observations.","exampleBoolean":false},{"reference":{"reference":"StructureDefinition/c19-laboratory-observation-base"},"name":"Laboratory Observation Base","description":"Abstract base class for laboratory observations.","exampleBoolean":false},{"reference":{"reference":"StructureDefinition/LaboratoryObservationPanelBase"},"name":"Laboratory Observation Panel Base","description":"A panel that contains member observations","exampleBoolean":false},{"reference":{"reference":"StructureDefinition/c19-quantitative-laboratory-observation-base"},"name":"Quantitative Laboratory Observation Base","description":"Abstract base class for quantitative laboratory observations.","exampleBoolean":false},{"reference":{"reference":"StructureDefinition/SARSCoV2AgRespQlIArapidLabObs"},"name":"SARS Co V2 Ag Resp Ql I Arapid Lab Obs","description":"SARSCoV2AgRespQlIArapidLabObs is a test for the SARS coronavirus 2 antigen via rapid immunoassay. LOINC code 94558-4.","exampleBoolean":false},{"reference":{"reference":"StructureDefinition/SARSCoV2NgenePrThrPtXXXOrdPrbAmpTarPrimerProbeSetN1LabObs"},"name":"SARS coronavirus 2 Ngene Pr Thr Pt XXX Ord Prb Amp","description":"SARScoronavirus2NgenePrThrPtXXXOrdPrbAmpTarPrimerProbeSetN1 is a test for the SARS coronavirus 2 RNA using the CDC defined method of probe amplification target primer probe set N1 and used for non-respiratory specimens. LOINC code 94307-6.","exampleBoolean":false},{"reference":{"reference":"StructureDefinition/SARSCoV2NgenePrThrPtXXXOrdPrbAmpTarPrimerProbeSetN2LabObs"},"name":"SARS coronavirus 2 Ngene Pr Thr Pt XXX Ord Prb Amp","description":"SARScoronavirus2NgenePrThrPtXXXOrdPrbAmpTarPrimerProbeSetN2 is a test for the SARS coronavirus 2 RNA using the CDC defined method of probe amplification target primer probe set N2 and used for non-respiratory specimens. LOINC code 94308-4.","exampleBoolean":false},{"reference":{"reference":"StructureDefinition/SARSCoV2NgeneThreshNumPtXXXQnPrbAmpTarPrimerProbeSetN1LabObs"},"name":"SARS coronavirus 2 Ngene Thresh Num Pt XXX Qn Prb Amp","description":"SARSCoV2NgeneThreshNumPtXXXQnPrbAmpTarPrimerProbeSetN1LabObs is a quantitative test for the SARS coronavirus 2 N gene via the probe target amplification, primer probe set N1 method in non-respiratory specimens. LOINC code 94311-8.","exampleBoolean":false},{"reference":{"reference":"StructureDefinition/SARSCoV2NgeneThreshNumPtXXXQnPrbAmpTarPrimerProbeSetN2LabObs"},"name":"SARS coronavirus 2 Ngene Thresh Num Pt XXX Qn Prb Amp","description":"SARSCoV2NgeneThreshNumPtXXXQnPrbAmpTarPrimerProbeSetN2LabObs is a quantitative test for the SARS coronavirus 2 N gene via the probe target amplification, primer probe set N2 method in non-respiratory specimens. LOINC code 94312-6.","exampleBoolean":false},{"reference":{"reference":"StructureDefinition/SARSCoV2ORF1abRespQlNAAprobeLabObs"},"name":"SARS Co V2 OR F1ab Resp Ql NA Aprobe Lab","description":"SARSCoV2ORF1abRespQlNAAprobeLabObs is a laboratory test for the SARS coronavirus 2 antibody via target amplification probe detection. LOINC code 94559-2.","exampleBoolean":false},{"reference":{"reference":"StructureDefinition/SARSCoV2RNAPnlXXXNAAprobePanelLabObs"},"name":"SARS Co V2 RNA Pnl XXXNA Aprobe Panel Lab Obs","description":"SARSCoV2RNAPnlXXXNAAprobeLabObs is a colection of tests for the SARS coronavirus 2 organism. LOINC code 94306-8.","exampleBoolean":false},{"reference":{"reference":"StructureDefinition/SARSLikecoronavirusNGenePrThrPtXXXOrdPrbAmpTarLabObs"},"name":"SARS Likecoronavirus N Gene Pr Thr Pt XXX Ord Prb","description":"SARSLikecoronavirusNGenePrThrPtXXXOrdPrbAmpTarLabObs is a test for the SARS-like coronavirus N gene in non-respiratory specimens and via the probe target amplification method. LOINC code 94310-0.","exampleBoolean":false},{"reference":{"reference":"StructureDefinition/SARSLikecoronavirusNGeneThreshNumPtXXXQnPrbAmpTarLabObs"},"name":"SARS Likecoronavirus N Gene Thresh Num Pt XXX Qn Prb","description":"SARSLikecoronavirusNGeneThreshNumPtXXXQnPrbAmpTarLabObs is a quantitative test for the SARS-like coronavirus N gene via the probe target amplification method and a threshold for detection in non-respiratory specimens. LOINC code 94313-4.","exampleBoolean":false},{"reference":{"reference":"StructureDefinition/SARSRelatedCoronavirusRNAPrThrPtRespOrdPrbAmpTarLabObs"},"name":"SARS Related Coronavirus RNA Pr Thr Pt Resp Ord Prb","description":"SARSRelatedCoronavirusRNAPrThrPtRespOrdPrbAmpTar is a test for the SARS coronavirus 2 related RNA (gene not specified). LOINC code 94502-2.","exampleBoolean":false},{"reference":{"reference":"StructureDefinition/SARScoronavirus2AbIgGAcncPtSerPlasQnIALabObs"},"name":"SARS coronavirus 2 Ab Ig G Acnc Pt Ser Plas Qn","description":"SARScoronavirus2AbIgGAcncPtSerPlasQnIALabObs is a quantitative test for the SARS coronavirus 2 IgG antibody via immunoassay. LOINC code 94505-5.","exampleBoolean":false},{"reference":{"reference":"StructureDefinition/SARScoronavirus2AbIgGPlusIgMPrThrPtSerPlasOrdIALabObs"},"name":"SARS coronavirus 2 Ab Ig G Plus Ig M Pr Thr","description":"SARScoronavirus2AbIgGPlusIgMPrThrPtSerPlasOrdIALabObs is a test for the SARS coronavirus 2 IgG and IgM antibodies via immunoassay. It does not differentiate which is detected. LOINC code 94547-7.","exampleBoolean":false},{"reference":{"reference":"StructureDefinition/SARScoronavirus2AbIgGandIgMpanelPtSerPlasOrdIArapidLabObs"},"name":"SARS coronavirus 2 Ab Ig G Acnc Pt Ser Plas Qn","description":"SARS coronavirus 2 IgG and IgM panel - Serum or Plasma Qualitative by Rapid immunoassay","exampleBoolean":false},{"reference":{"reference":"StructureDefinition/SARScoronavirus2AbIgGandIgMpanelPtSerPlasQnIALabObs"},"name":"SARS coronavirus 2 Ab Ig Gand Ig Mpanel Pt Ser Plas","description":"SARScoronavirus2AbIgGandIgMpanelPtSerPlasQnIALabObs is a collection of quantitative tests for SARS coronavirus 2 antibodies, IgG and IgM. LOINC code 94504-8.","exampleBoolean":false},{"reference":{"reference":"StructureDefinition/SARScoronavirus2AbIgMAcncPtSerPlasQnIALabObs"},"name":"SARS coronavirus 2 Ab Ig G Plus Ig M Pr Thr","description":"SARScoronavirus2AbIgMAcncPtSerPlasQnIALabObs is a quantitative test for the SARS coronavirus 2 IgM antibody via immunoassay. LOINC code 94506-3.","exampleBoolean":false},{"reference":{"reference":"StructureDefinition/SARScoronavirus2AbIgMPrThrPtSerPlasOrdIArapidLabObs"},"name":"SARS coronavirus 2 Ab Ig M Pr Thr Pt Ser Plas","description":"SARScoronavirus2AbIgMPrThrPtSerPlasOrdIArapidLabObs is a test for the SARS coronavisus 2 IgM antibody via rapid immunoassay. LOINC code 94508-9.","exampleBoolean":false},{"reference":{"reference":"StructureDefinition/SARScoronavirus2EGenePrThrPtXXXOrdPrbAmpTarLabObs"},"name":"SARS coronavirus 2 E Gene Pr Thr Pt XXX Ord Prb","description":"SARScoronavirus2EGenePrThrPtXXXOrdPrbAmpTarLabObs is a test for the SARS coronavirus 2 E gene on non-respiratory specimens via the probe target amplification method in non-respiratory specimens. LOINC code 94315-9.","exampleBoolean":false},{"reference":{"reference":"StructureDefinition/SARScoronavirus2EGeneThreshNumPtXXXQnPrbAmpTarLabObs"},"name":"SARS coronavirus 2 E Gene Thresh Num Pt XXX Qn Prb","description":"SARScoronavirus2EGeneThreshNumPtXXXQnPrbAmpTarLabObs is a quantitative test for the SARS coronavirus 2 E gene via probe target ampification and with a threshold for detection in non-respiratory specimens. LOINC code 94509-7.","exampleBoolean":false},{"reference":{"reference":"StructureDefinition/SARScoronavirus2NGenePrThrPtRespOrdPrbAmpTarLabObs"},"name":"SARS coronavirus 2 N Gene Pr Thr Pt Resp Ord Prb","description":"SARScoronavirus2NGenePrThrPtRespOrdPrbAmpTar is the qualitative lab test for the detection of the SARS Coronavirus 2 N gene. LOINC code 94533-7.","exampleBoolean":false},{"reference":{"reference":"StructureDefinition/SARScoronavirus2NgenePrThrPtXXXOrdPrbAmpTarLabObs"},"name":"SARS coronavirus 2 Ngene Pr Thr Pt XXX Ord Prb Amp","description":"SARScoronavirus2NgenePrThrPtXXXOrdPrbAmpTar is a test for the SARS coronavirus 2 RNA in non-respiratory specimens. LOINC code 94316-7.","exampleBoolean":false},{"reference":{"reference":"StructureDefinition/SARScoronavirus2NgeneThreshNumPtXXXQnPrbAmpTarLabObs"},"name":"SARS coronavirus 2 Ngene Thresh Num Pt XXX Qn Prb Amp","description":"SARScoronavirus2NgeneThreshNumPtXXXQnPrbAmpTarLabObs is a quantitative test for the SARS coronavirus 2 RNA via probe target amplification and a requirement for a certain threshold for detection. LOINC code 94510-5.","exampleBoolean":false},{"reference":{"reference":"StructureDefinition/SARScoronavirus2ORF1AbRegionThreshNumPtXXXQnPrbAmpTarLabObs"},"name":"SARS coronavirus 2 OR F1 Ab Region Thresh Num Pt XXX","description":"SARScoronavirus2ORF1AbRegionThreshNumPtXXXQnPrbAmpTarLabObs is a quantitative test for the SARS coronavirus 2 ORF Ab region via the probe target ampificatio method and with a threshold for detection in non-respiratory specimens. LOINC code 94511-3","exampleBoolean":false},{"reference":{"reference":"StructureDefinition/SARScoronavirus2RNAPanelPtRespPrbAmpTarLabObs"},"name":"SARS coronavirus 2 RNA Panel Pt Resp Prb Amp Tar Lab","description":"SARScoronavirus2RNAPanelPtRespPrbAmpTar is a collection of tests for the SARS coronavirus 2 RNA. LOINC code 94531-1.","exampleBoolean":false},{"reference":{"reference":"StructureDefinition/SARScoronavirus2RNAPrThrPtRespOrdPrbAmpTarLabObs"},"name":"SARS coronavirus 2 RNA Pr Thr Pt Resp Ord Prb Amp","description":"SARScoronavirus2RNAPrThrPtRespOrdPrbAmpTar is the laboratory model for the SARS Coronavirus 2 specific for RNA, respiratory specimens, method of probe, target amplification. LOINC code 94500-6.","exampleBoolean":false},{"reference":{"reference":"StructureDefinition/SARScoronavirus2RNAPrThrPtXXXOrdPrbAmpTarLabObs"},"name":"SARS coronavirus 2 RNA Pr Thr Pt XXX Ord Prb Amp","description":"SARScoronavirus2RNAPrThrXXXOrdPrbAmpTar is the laboratory model for the SARS Coronavirus 2 specific for RNA and method of probe, target amplification but not specific to specimen type. LOINC code 94309-2.","exampleBoolean":false},{"reference":{"reference":"StructureDefinition/SARScoronavirus2RdRpGenePrThePtRespOrdPrbAmpTarLabObs"},"name":"SARS coronavirus 2 Rd Rp Gene Pr The Pt Resp Ord","description":"SARScoronavirus2RdRpGenePrThePtRespOrdPrbAmpTar is a test for the SARS coronavirus 2 RdRp gene in respiratory specimens. LOINC code 94534-5.","exampleBoolean":false},{"reference":{"reference":"StructureDefinition/SARScoronavirus2RdRpGenePrThrPtXXXOrdPrbAmpTarLabObs"},"name":"SARS coronavirus 2 Rd Rp Gene Pr Thr Pt XXX Ord","description":"SARScoronavirus2RdRpGenePrThrPtXXXOrdPrbAmpTarLabObs is a test for the SARS coronavirus 2 RdRp gene via the probe target amplification method in non-respiratory specimens. LOINC code 94314-2.","exampleBoolean":false},{"reference":{"reference":"StructureDefinition/SARSrelatedCoVPlusMERSCoVRNAPrThrPtRespOrdPrbAmpTarLabObs"},"name":"SAR Srelatedcoronavirus Plus MER Scoronavirus RNA Pr Thr Pt Resp","description":"SARSrelatedcoronavirusPlusMERScoronavirusRNAPrThrPtRespOrdPrbAmpTar is a combined test for SARS coronavirus 2 RNA (not gene specific) and MERS coronavirus RNA. LOINC code 94532-9.","exampleBoolean":false},{"reference":{"reference":"StructureDefinition/c19-reporting-priority"},"name":"Reporting Priority","description":"The urgency level for which an observation must be reported.","exampleBoolean":false},{"reference":{"reference":"ValueSet/covid19-det-not-det-eq-in-vs"},"name":"Detected-Not Detected-Equivalent-Inconclusive Value Set","description":"A set of SNOMED codes representing the result of a test as detected, not detected, equivalent, or inconclusive.","exampleBoolean":false},{"reference":{"reference":"ValueSet/covid19-pos-neg-vs"},"name":"Positive/Negative Value Set","description":"A set of SNOMED codes representing the result of a test as positive or negative.","exampleBoolean":false},{"reference":{"reference":"ValueSet/covid19-reporting-priority-vs"},"name":"Reporting Priorities Value Set","description":"A set of SNOMED codes representing how important it is to report a lab or other observation.","exampleBoolean":false}],"page":{"nameUrl":"toc.html","title":"Table of Contents","generation":"html","page":[{"nameUrl":"index.html","title":"Home","generation":"markdown"}]},"parameter":[{"code":"copyrightyear","value":"2020+"},{"code":"releaselabel","value":"CI Build"},{"code":"show-inherited-invariants","value":"false"}]}}