<?xml version="1.0" encoding="UTF-8"?><ValueSet xmlns="http://hl7.org/fhir"><id value="certainty-0f-absence-value-set"/><text><status value="generated"/><div xmlns="http://www.w3.org/1999/xhtml"><h2>Certainty of Absence Value Set</h2><div><p>The set of SNOMED CT codes that represent the leve of certainty that a condition does not exist.</p>
</div><ul><li>Include these codes as defined in <a href="http://www.snomed.org/"><code>http://snomed.info/sct</code></a><table class="none"><tr><td style="white-space:nowrap"><b>Code</b></td><td><b>Display</b></td></tr><tr><td><a href="http://browser.ihtsdotools.org/?perspective=full&amp;conceptId1=410594000">410594000</a></td><td>Definitely NOT present (qualifier value)</td><td/></tr><tr><td><a href="http://browser.ihtsdotools.org/?perspective=full&amp;conceptId1=723511001">723511001</a></td><td>Refuted (qualifier value)</td><td/></tr></table></li></ul></div></text><url value="http://fhir.logicahealth.org/covid19/ValueSet/certainty-0f-absence-value-set"/><version value="0.3.0"/><name value="CertaintyOfAbsenceVS"/><title value="Certainty of Absence Value Set"/><status value="active"/><date value="2020-04-07T11:25:19-06:00"/><publisher value="Logica"/><contact><name value="Logica"/><telecom><system value="url"/><value value="https://logicahealth.org/"/></telecom></contact><description value="The set of SNOMED CT codes that represent the leve of certainty that a condition does not exist."/><compose><include><system value="http://snomed.info/sct"/><concept><code value="410594000"/><display value="Definitely NOT present (qualifier value)"/></concept><concept><code value="723511001"/><display value="Refuted (qualifier value)"/></concept></include></compose></ValueSet>