<?xml version="1.0" encoding="UTF-8"?><ValueSet xmlns="http://hl7.org/fhir"><id value="yes-no-vs"/><text><status value="generated"/><div xmlns="http://www.w3.org/1999/xhtml"><h2>Yes/No Value Set</h2><div><p>The SNOMED CT codes to answer in the affirmative or negative.</p>
</div><ul><li>Include these codes as defined in <a href="http://www.snomed.org/"><code>http://snomed.info/sct</code></a><table class="none"><tr><td style="white-space:nowrap"><b>Code</b></td><td><b>Display</b></td></tr><tr><td><a href="http://browser.ihtsdotools.org/?perspective=full&amp;conceptId1=373066001">373066001</a></td><td>Yes (qualifier value)</td><td/></tr><tr><td><a href="http://browser.ihtsdotools.org/?perspective=full&amp;conceptId1=373067005">373067005</a></td><td>No (qualifier value)</td><td/></tr></table></li></ul></div></text><url value="http://fhir.logicahealth.org/covid19/ValueSet/yes-no-vs"/><version value="0.2.0"/><name value="YesNoVS"/><title value="Yes/No Value Set"/><status value="active"/><date value="2020-04-06T16:59:30-06:00"/><publisher value="Logica"/><contact><name value="Logica"/><telecom><system value="url"/><value value="https://logicahealth.org/"/></telecom></contact><description value="The SNOMED CT codes to answer in the affirmative or negative."/><compose><include><system value="http://snomed.info/sct"/><concept><code value="373066001"/><display value="Yes (qualifier value)"/></concept><concept><code value="373067005"/><display value="No (qualifier value)"/></concept></include></compose></ValueSet>