<?xml version="1.0" encoding="UTF-8"?><ValueSet xmlns="http://hl7.org/fhir"><id value="covid19-signs-1nd-symptoms-value-set"/><text><status value="generated"/><div xmlns="http://www.w3.org/1999/xhtml"><h2>COVID 19 Signs and Symptoms Value Set</h2><div><p>The set of SNOMED CT codes that represent the signs and symptoms associated with COVID 19.</p>
</div><ul><li>Include these codes as defined in <a href="http://www.snomed.org/"><code>http://snomed.info/sct</code></a><table class="none"><tr><td style="white-space:nowrap"><b>Code</b></td><td><b>Display</b></td></tr><tr><td><a href="http://browser.ihtsdotools.org/?perspective=full&amp;conceptId1=43724002">43724002</a></td><td>Chill (finding)</td><td/></tr><tr><td><a href="http://browser.ihtsdotools.org/?perspective=full&amp;conceptId1=162397003">162397003</a></td><td>Pain in throat (finding)</td><td/></tr><tr><td><a href="http://browser.ihtsdotools.org/?perspective=full&amp;conceptId1=49727002">49727002</a></td><td>Cough (finding)</td><td/></tr><tr><td><a href="http://browser.ihtsdotools.org/?perspective=full&amp;conceptId1=267036007">267036007</a></td><td>Dyspnea (finding)</td><td/></tr><tr><td><a href="http://browser.ihtsdotools.org/?perspective=full&amp;conceptId1=426000000">426000000</a></td><td>Fever greater than 100.4 Fahrenheit (finding)</td><td/></tr><tr><td><a href="http://browser.ihtsdotools.org/?perspective=full&amp;conceptId1=103001002">103001002</a></td><td>Feeling feverish (finding)</td><td/></tr><tr><td><a href="http://browser.ihtsdotools.org/?perspective=full&amp;conceptId1=68962001">68962001</a></td><td>Muscle pain (finding)</td><td/></tr><tr><td><a href="http://browser.ihtsdotools.org/?perspective=full&amp;conceptId1=64531003">64531003</a></td><td>Nasal discharge (finding)</td><td/></tr><tr><td><a href="http://browser.ihtsdotools.org/?perspective=full&amp;conceptId1=422587007">422587007</a></td><td>Nausea (finding)</td><td/></tr><tr><td><a href="http://browser.ihtsdotools.org/?perspective=full&amp;conceptId1=422400008">422400008</a></td><td>Vomiting (disorder)</td><td/></tr><tr><td><a href="http://browser.ihtsdotools.org/?perspective=full&amp;conceptId1=25064002">25064002</a></td><td>Headache (finding)</td><td/></tr><tr><td><a href="http://browser.ihtsdotools.org/?perspective=full&amp;conceptId1=21522001">21522001</a></td><td>Abdominal pain (finding)</td><td/></tr><tr><td><a href="http://browser.ihtsdotools.org/?perspective=full&amp;conceptId1=62315008">62315008</a></td><td>Diarrhea (finding)</td><td/></tr><tr><td><a href="http://browser.ihtsdotools.org/?perspective=full&amp;conceptId1=13791008">13791008</a></td><td>Asthenia (finding)</td><td/></tr><tr><td><a href="http://browser.ihtsdotools.org/?perspective=full&amp;conceptId1=22253000">22253000</a></td><td>Pain (finding)</td><td/></tr><tr><td><a href="http://browser.ihtsdotools.org/?perspective=full&amp;conceptId1=29857009">29857009</a></td><td>Chest pain (finding)</td><td/></tr><tr><td><a href="http://browser.ihtsdotools.org/?perspective=full&amp;conceptId1=79890006">79890006</a></td><td>Loss of appetite (finding)</td><td/></tr><tr><td><a href="http://browser.ihtsdotools.org/?perspective=full&amp;conceptId1=44169009">44169009</a></td><td>Loss of sense of smell (finding)</td><td/></tr><tr><td><a href="http://browser.ihtsdotools.org/?perspective=full&amp;conceptId1=36955009">36955009</a></td><td>Loss of taste (finding)</td><td/></tr><tr><td><a href="http://browser.ihtsdotools.org/?perspective=full&amp;conceptId1=28743005">28743005</a></td><td>Productive cough (finding)</td><td/></tr><tr><td><a href="http://browser.ihtsdotools.org/?perspective=full&amp;conceptId1=11833005">11833005</a></td><td>Dry cough (finding)</td><td/></tr></table></li></ul></div></text><url value="http://fhir.logicahealth.org/covid19/ValueSet/covid19-signs-1nd-symptoms-value-set"/><version value="0.2.0"/><name value="COVID19SignsAndSymptomsVS"/><title value="COVID 19 Signs and Symptoms Value Set"/><status value="active"/><date value="2020-04-07T11:18:16-06:00"/><publisher value="Logica"/><contact><name value="Logica"/><telecom><system value="url"/><value value="https://logicahealth.org/"/></telecom></contact><description value="The set of SNOMED CT codes that represent the signs and symptoms associated with COVID 19."/><compose><include><system value="http://snomed.info/sct"/><concept><code value="43724002"/><display value="Chill (finding)"/></concept><concept><code value="162397003"/><display value="Pain in throat (finding)"/></concept><concept><code value="49727002"/><display value="Cough (finding)"/></concept><concept><code value="267036007"/><display value="Dyspnea (finding)"/></concept><concept><code value="426000000"/><display value="Fever greater than 100.4 Fahrenheit (finding)"/></concept><concept><code value="103001002"/><display value="Feeling feverish (finding)"/></concept><concept><code value="68962001"/><display value="Muscle pain (finding)"/></concept><concept><code value="64531003"/><display value="Nasal discharge (finding)"/></concept><concept><code value="422587007"/><display value="Nausea (finding)"/></concept><concept><code value="422400008"/><display value="Vomiting (disorder)"/></concept><concept><code value="25064002"/><display value="Headache (finding)"/></concept><concept><code value="21522001"/><display value="Abdominal pain (finding)"/></concept><concept><code value="62315008"/><display value="Diarrhea (finding)"/></concept><concept><code value="13791008"/><display value="Asthenia (finding)"/></concept><concept><code value="22253000"/><display value="Pain (finding)"/></concept><concept><code value="29857009"/><display value="Chest pain (finding)"/></concept><concept><code value="79890006"/><display value="Loss of appetite (finding)"/></concept><concept><code value="44169009"/><display value="Loss of sense of smell (finding)"/></concept><concept><code value="36955009"/><display value="Loss of taste (finding)"/></concept><concept><code value="28743005"/><display value="Productive cough (finding)"/></concept><concept><code value="11833005"/><display value="Dry cough (finding)"/></concept></include></compose></ValueSet>