<?xml version="1.0" encoding="UTF-8"?><ValueSet xmlns="http://hl7.org/fhir"><id value="certainty-of-presence-value-set"/><text><status value="generated"/><div xmlns="http://www.w3.org/1999/xhtml"><h2>Certainty of PresenceVS</h2><div><p>The set of SNOMED CT codes that represent the level of certainty that a condition exists.</p>
</div><ul><li>Include these codes as defined in <a href="http://www.snomed.org/"><code>http://snomed.info/sct</code></a><table class="none"><tr><td style="white-space:nowrap"><b>Code</b></td><td><b>Display</b></td></tr><tr><td><a href="http://browser.ihtsdotools.org/?perspective=full&amp;conceptId1=60022001">60022001</a></td><td>Possible diagnosis (contextual qualifier) (qualifier value)</td><td/></tr><tr><td><a href="http://browser.ihtsdotools.org/?perspective=full&amp;conceptId1=410592001">410592001</a></td><td>Probably present (qualifier value)</td><td/></tr><tr><td><a href="http://browser.ihtsdotools.org/?perspective=full&amp;conceptId1=410591008">410591008</a></td><td>Definitely present (qualifier value)</td><td/></tr></table></li></ul></div></text><url value="http://fhir.logicahealth.org/covid19/ValueSet/certainty-of-presence-value-set"/><version value="0.2.0"/><name value="CertaintyOfPresenceVS"/><title value="Certainty of PresenceVS"/><status value="active"/><date value="2020-04-04T09:35:56-06:00"/><publisher value="COVID-19 Healthcare Coalition"/><contact><name value="Logica Health"/><telecom><system value="url"/><value value="https://c19hcc.org/"/></telecom></contact><description value="The set of SNOMED CT codes that represent the level of certainty that a condition exists."/><compose><include><system value="http://snomed.info/sct"/><concept><code value="60022001"/><display value="Possible diagnosis (contextual qualifier) (qualifier value)"/></concept><concept><code value="410592001"/><display value="Probably present (qualifier value)"/></concept><concept><code value="410591008"/><display value="Definitely present (qualifier value)"/></concept></include></compose></ValueSet>