<?xml version="1.0" encoding="UTF-8"?><ValueSet xmlns="http://hl7.org/fhir"><id value="state-codes-vs"/><text><status value="generated"/><div xmlns="http://www.w3.org/1999/xhtml"><h2>State Codes Value Set</h2><div><p>The list of SNOMED CT codes that represent states.</p>
</div><ul><li>Include codes from <a href="http://www.snomed.org/"><code>http://snomed.info/sct</code></a> where concept  is-a  224037005 (Regions of United States of America)</li></ul></div></text><url value="http://fhir.logicahealth.org/covid19/ValueSet/state-codes-vs"/><version value="0.2.0"/><name value="StateCodesVS"/><title value="State Codes Value Set"/><status value="active"/><date value="2020-04-04T12:44:17-06:00"/><publisher value="COVID-19 Healthcare Coalition"/><contact><name value="Logica Health"/><telecom><system value="url"/><value value="https://c19hcc.org/"/></telecom></contact><description value="The list of SNOMED CT codes that represent states."/><compose><include><system value="http://snomed.info/sct"/><filter><property value="concept"/><op value="is-a"/><value value="224037005"/></filter></include></compose></ValueSet>