<?xml version="1.0" encoding="UTF-8"?>

<ValueSet xmlns="http://hl7.org/fhir">
  <id value="covid19-det-not-det-eq-in-vs"/>
  <text>
    <status value="generated"/><div xmlns="http://www.w3.org/1999/xhtml"><h2>Detected-Not Detected-Equivalent-Inconclusive Value Set</h2><div><p>A set of SNOMED codes representing the result of a test as detected, not detected, equivalent, or inconclusive.</p>
</div><ul><li>Include these codes as defined in <a href="http://www.snomed.org/"><code>http://snomed.info/sct</code></a><table class="none"><tr><td style="white-space:nowrap"><b>Code</b></td><td><b>Display</b></td></tr><tr><td><a href="http://browser.ihtsdotools.org/?perspective=full&amp;conceptId1=260415000">260415000</a></td><td>Not detected (qualifier value)</td><td/></tr><tr><td><a href="http://browser.ihtsdotools.org/?perspective=full&amp;conceptId1=419984006">419984006</a></td><td>Inconclusive (qualifier value)</td><td/></tr><tr><td><a href="http://browser.ihtsdotools.org/?perspective=full&amp;conceptId1=42425007">42425007</a></td><td>Equivocal (qualifier value)</td><td/></tr><tr><td><a href="http://browser.ihtsdotools.org/?perspective=full&amp;conceptId1=260373001">260373001</a></td><td>Detected (qualifier value)</td><td/></tr></table></li></ul></div>
  </text>
  <url value="http://fhir.logicahealth.org/covid19/ValueSet/covid19-det-not-det-eq-in-vs"/>
  <version value="0.1.0"/>
  <name value="DetNotDetEqInVS"/>
  <title value="Detected-Not Detected-Equivalent-Inconclusive Value Set"/>
  <status value="active"/>
  <date value="2020-04-03T20:44:19-06:00"/>
  <publisher value="COVID-19 Healthcare Coalition"/>
  <contact>
    <name value="Logica Health"/>
    <telecom>
      <system value="url"/>
      <value value="https://c19hcc.org/"/>
    </telecom>
  </contact>
  <description value="A set of SNOMED codes representing the result of a test as detected, not detected, equivalent, or inconclusive."/>
  <compose>
    <include>
      <system value="http://snomed.info/sct"/>
      <concept>
        <code value="260415000"/>
        <display value="Not detected (qualifier value)"/>
      </concept>
      <concept>
        <code value="419984006"/>
        <display value="Inconclusive (qualifier value)"/>
      </concept>
      <concept>
        <code value="42425007"/>
        <display value="Equivocal (qualifier value)"/>
      </concept>
      <concept>
        <code value="260373001"/>
        <display value="Detected (qualifier value)"/>
      </concept>
    </include>
  </compose>
</ValueSet>