<?xml version="1.0" encoding="UTF-8"?>

<ValueSet xmlns="http://hl7.org/fhir">
  <id value="close-contact-setting-vs"/>
  <text>
    <status value="generated"/><div xmlns="http://www.w3.org/1999/xhtml"><h2>Close Contact Setting Value Set</h2><div><p>The SNOMED CT codes that describe teh situation in which a close contact exposure was made with an infected individual.</p>
</div><ul><li>Include these codes as defined in <a href="http://www.snomed.org/"><code>http://snomed.info/sct</code></a><table class="none"><tr><td style="white-space:nowrap"><b>Code</b></td><td><b>Display</b></td></tr><tr><td><a href="http://browser.ihtsdotools.org/?perspective=full&amp;conceptId1=43741000">43741000</a></td><td>Site of care (environment)</td><td/></tr><tr><td><a href="http://browser.ihtsdotools.org/?perspective=full&amp;conceptId1=272497004">272497004</a></td><td>Residential  (environment)</td><td/></tr><tr><td><a href="http://browser.ihtsdotools.org/?perspective=full&amp;conceptId1=285141008">285141008</a></td><td>Work environment (environment)</td><td/></tr><tr><td><a href="http://browser.ihtsdotools.org/?perspective=full&amp;conceptId1=24721000205109">24721000205109</a></td><td>Unknown environment (environment)</td><td/></tr></table></li></ul></div>
  </text>
  <url value="http://fhir.logicahealth.org/covid19/ValueSet/close-contact-setting-vs"/>
  <version value="0.3.1"/>
  <name value="CloseContactSettingVS"/>
  <title value="Close Contact Setting Value Set"/>
  <status value="active"/>
  <date value="2020-04-07T21:41:39-06:00"/>
  <publisher value="Logica"/>
  <contact>
    <name value="Logica"/>
    <telecom>
      <system value="url"/>
      <value value="https://logicahealth.org/"/>
    </telecom>
  </contact>
  <description value="The SNOMED CT codes that describe teh situation in which a close contact exposure was made with an infected individual."/>
  <compose>
    <include>
      <system value="http://snomed.info/sct"/>
      <concept>
        <code value="43741000"/>
        <display value="Site of care (environment)"/>
      </concept>
      <concept>
        <code value="272497004"/>
        <display value="Residential  (environment)"/>
      </concept>
      <concept>
        <code value="285141008"/>
        <display value="Work environment (environment)"/>
      </concept>
      <concept>
        <code value="24721000205109"/>
        <display value="Unknown environment (environment)"/>
      </concept>
    </include>
  </compose>
</ValueSet>