<?xml version="1.0" encoding="UTF-8"?>

<ValueSet xmlns="http://hl7.org/fhir">
  <id value="covid-19-diagnosis-vs"/>
  <text>
    <status value="generated"/><div xmlns="http://www.w3.org/1999/xhtml"><h2>COVID 19 Diagnosis Value Set</h2><div><p>A set of SNOMED CT codes that describe the diagnosed condition that is due to SARS coronavirus 2 infection.</p>
</div><ul><li>Include these codes as defined in <a href="http://www.snomed.org/"><code>http://snomed.info/sct</code></a><table class="none"><tr><td style="white-space:nowrap"><b>Code</b></td><td><b>Display</b></td></tr><tr><td><a href="http://browser.ihtsdotools.org/?perspective=full&amp;conceptId1=840539006">840539006</a></td><td>Disease caused by 2019 novel coronavirus (disorder)</td><td/></tr><tr><td><a href="http://browser.ihtsdotools.org/?perspective=full&amp;conceptId1=840544004">840544004</a></td><td>Suspected disease caused by 2019 novel coronavirus (situation)</td><td/></tr><tr><td><a href="http://browser.ihtsdotools.org/?perspective=full&amp;conceptId1=882784691000119000">882784691000119000</a></td><td>Pneumonia caused by severe acute respiratory syndrome coronavirus 2 (disorder)</td><td/></tr><tr><td><a href="http://browser.ihtsdotools.org/?perspective=full&amp;conceptId1=674814021000119106">674814021000119106</a></td><td>Acute respiratory distress syndrome caused by severe acute respiratory syndrome coronavirus 2 (disorder)</td><td/></tr><tr><td><a href="http://browser.ihtsdotools.org/?perspective=full&amp;conceptId1=880529761000119102">880529761000119102</a></td><td>Lower respiratory infection caused by severe acute respiratory syndrome coronavirus 2 (disorder)</td><td/></tr><tr><td><a href="http://browser.ihtsdotools.org/?perspective=full&amp;conceptId1=138389411000119105">138389411000119105</a></td><td>Acute bronchitis caused by severe acute respiratory syndrome coronavirus 2 (disorder)</td><td/></tr><tr><td><a href="http://browser.ihtsdotools.org/?perspective=full&amp;conceptId1=866151004">866151004</a></td><td>Lymphocytopenia associated with severe acute respiratory syndrome coronavirus 2 (disorder)</td><td/></tr><tr><td><a href="http://browser.ihtsdotools.org/?perspective=full&amp;conceptId1=866152006">866152006</a></td><td>Thrombocytopenia associated with severe acute respiratory syndrome coronavirus 2 (disorder)</td><td/></tr></table></li></ul></div>
  </text>
  <url value="http://fhir.logicahealth.org/covid19/ValueSet/covid-19-diagnosis-vs"/>
  <version value="0.3.0"/>
  <name value="COVID19DiagnosisVS"/>
  <title value="COVID 19 Diagnosis Value Set"/>
  <status value="active"/>
  <date value="2020-04-07T21:21:10-06:00"/>
  <publisher value="Logica"/>
  <contact>
    <name value="Logica"/>
    <telecom>
      <system value="url"/>
      <value value="https://logicahealth.org/"/>
    </telecom>
  </contact>
  <description value="A set of SNOMED CT codes that describe the diagnosed condition that is due to SARS coronavirus 2 infection."/>
  <compose>
    <include>
      <system value="http://snomed.info/sct"/>
      <concept>
        <code value="840539006"/>
        <display value="Disease caused by 2019 novel coronavirus (disorder)"/>
      </concept>
      <concept>
        <code value="840544004"/>
        <display value="Suspected disease caused by 2019 novel coronavirus (situation)"/>
      </concept>
      <concept>
        <code value="882784691000119000"/>
        <display value="Pneumonia caused by severe acute respiratory syndrome coronavirus 2 (disorder)"/>
      </concept>
      <concept>
        <code value="674814021000119106"/>
        <display value="Acute respiratory distress syndrome caused by severe acute respiratory syndrome coronavirus 2 (disorder)"/>
      </concept>
      <concept>
        <code value="880529761000119102"/>
        <display value="Lower respiratory infection caused by severe acute respiratory syndrome coronavirus 2 (disorder)"/>
      </concept>
      <concept>
        <code value="138389411000119105"/>
        <display value="Acute bronchitis caused by severe acute respiratory syndrome coronavirus 2 (disorder)"/>
      </concept>
      <concept>
        <code value="866151004"/>
        <display value="Lymphocytopenia associated with severe acute respiratory syndrome coronavirus 2 (disorder)"/>
      </concept>
      <concept>
        <code value="866152006"/>
        <display value="Thrombocytopenia associated with severe acute respiratory syndrome coronavirus 2 (disorder)"/>
      </concept>
    </include>
  </compose>
</ValueSet>