<?xml version="1.0" encoding="UTF-8"?>

<ValueSet xmlns="http://hl7.org/fhir">
  <id value="country-codes-vs"/>
  <text>
    <status value="generated"/><div xmlns="http://www.w3.org/1999/xhtml"><h2>Country Codes Value Set</h2><div><p>The set of SNOMED CT codes that represent countries.</p>
</div><ul><li>Include codes from <a href="http://www.snomed.org/"><code>http://snomed.info/sct</code></a> where concept  is-a  223369002 (Countries)</li></ul></div>
  </text>
  <url value="http://fhir.logicahealth.org/covid19/ValueSet/country-codes-vs"/>
  <version value="0.2.0"/>
  <name value="CountryCodesVS"/>
  <title value="Country Codes Value Set"/>
  <status value="active"/>
  <date value="2020-04-04T11:14:11-06:00"/>
  <publisher value="COVID-19 Healthcare Coalition"/>
  <contact>
    <name value="Logica Health"/>
    <telecom>
      <system value="url"/>
      <value value="https://c19hcc.org/"/>
    </telecom>
  </contact>
  <description value="The set of SNOMED CT codes that represent countries."/>
  <compose>
    <include>
      <system value="http://snomed.info/sct"/>
      <filter>
        <property value="concept"/>
        <op value="is-a"/>
        <value value="223369002"/>
      </filter>
    </include>
  </compose>
</ValueSet>