<?xml version="1.0" encoding="UTF-8"?>

<Bundle xmlns="http://hl7.org/fhir">
  <id value="8d023cde-d539-4425-aa9f-2b1b2938744d"/>
  <meta>
    <lastUpdated value="2020-04-03T11:00:56.360-06:00"/>
  </meta>
  <type value="collection"/>
  <entry>
    <fullUrl value="http://fhir.logicahealth.org/covid19/ValueSet/covid19-det-not-det-eq-in-vs"/>
    <resource>
      <ValueSet>
        <id value="covid19-det-not-det-eq-in-vs"/>
        <text>
          <status value="generated"/>
          <div xmlns="http://www.w3.org/1999/xhtml">
            <p>This value set contains 4 concepts</p>
            <p style="border: black 1px dotted; background-color: #EEEEEE; padding: 8px"/>Expansion based on SNOMED CT International edition 09-Mar 2020
            <p>All codes from system 
              <a href="http://hl7.org/fhir/R4/codesystem-snomedct.html">
                <code>http://snomed.info/sct</code>
              </a>
            </p>
            <table class="codes">
              <tr>
                <td style="white-space:nowrap">
                  <b>Code</b>
                </td>
                <td>
                  <b>Display</b>
                </td>
                <td>
                  <b>Definition</b>
                </td>
              </tr>
              <tr>
                <td style="white-space:nowrap">
                  <a name="http---snomed.info-sct-260415000"> </a>
                  <a href="http://browser.ihtsdotools.org/?perspective=full&amp;conceptId1=260415000">260415000</a>
                </td>
                <td>Not detected (qualifier value)</td>
                <td/>
              </tr>
              <tr>
                <td style="white-space:nowrap">
                  <a name="http---snomed.info-sct-419984006"> </a>
                  <a href="http://browser.ihtsdotools.org/?perspective=full&amp;conceptId1=419984006">419984006</a>
                </td>
                <td>Inconclusive (qualifier value)</td>
                <td/>
              </tr>
              <tr>
                <td style="white-space:nowrap">
                  <a name="http---snomed.info-sct-42425007"> </a>
                  <a href="http://browser.ihtsdotools.org/?perspective=full&amp;conceptId1=42425007">42425007</a>
                </td>
                <td>Equivocal (qualifier value)</td>
                <td/>
              </tr>
              <tr>
                <td style="white-space:nowrap">
                  <a name="http---snomed.info-sct-260373001"> </a>
                  <a href="http://browser.ihtsdotools.org/?perspective=full&amp;conceptId1=260373001">260373001</a>
                </td>
                <td>Detected (qualifier value)</td>
                <td/>
              </tr>
            </table>
          </div>
        </text>
        <url value="http://fhir.logicahealth.org/covid19/ValueSet/covid19-det-not-det-eq-in-vs"/>
        <version value="0.1.0"/>
        <name value="DetNotDetEqInVS"/>
        <title value="Detected-Not Detected-Equivalent-Inconclusive Value Set"/>
        <status value="active"/>
        <date value="2020-04-03T11:00:56-06:00"/>
        <publisher value="COVID-19 Healthcare Coalition"/>
        <contact>
          <name value="Logica Health"/>
          <telecom>
            <system value="url"/>
            <value value="https://c19hcc.org/"/>
          </telecom>
        </contact>
        <description value="A set of SNOMED codes representing the result of a test as detected, not detected, equivalent, or inconclusive."/>
        <expansion>
          <identifier value="urn:uuid:0bb0389a-0b17-4670-8c36-542cf0a143e3"/>
          <timestamp value="2020-04-03T11:01:51-06:00"/>
          <total value="4"/>
          <parameter>
            <name value="excludeNested"/>
            <valueBoolean value="false"/>
          </parameter>
          <parameter>
            <name value="limitedExpansion"/>
            <valueBoolean value="true"/>
          </parameter>
          <parameter>
            <name value="version"/>
            <valueString value="http://snomed.info/sct|http://snomed.info/sct/900000000000207008/version/20200309"/>
          </parameter>
          <contains>
            <system value="http://snomed.info/sct"/>
            <code value="260415000"/>
            <display value="Not detected (qualifier value)"/>
          </contains>
          <contains>
            <system value="http://snomed.info/sct"/>
            <code value="419984006"/>
            <display value="Inconclusive (qualifier value)"/>
          </contains>
          <contains>
            <system value="http://snomed.info/sct"/>
            <code value="42425007"/>
            <display value="Equivocal (qualifier value)"/>
          </contains>
          <contains>
            <system value="http://snomed.info/sct"/>
            <code value="260373001"/>
            <display value="Detected (qualifier value)"/>
          </contains>
        </expansion>
      </ValueSet>
    </resource>
  </entry>
  <entry>
    <fullUrl value="http://fhir.logicahealth.org/covid19/ValueSet/covid19-pos-neg-vs"/>
    <resource>
      <ValueSet>
        <id value="covid19-pos-neg-vs"/>
        <text>
          <status value="generated"/>
          <div xmlns="http://www.w3.org/1999/xhtml">
            <p>This value set contains 2 concepts</p>
            <p style="border: black 1px dotted; background-color: #EEEEEE; padding: 8px"/>Expansion based on SNOMED CT International edition 09-Mar 2020
            <p>All codes from system 
              <a href="http://hl7.org/fhir/R4/codesystem-snomedct.html">
                <code>http://snomed.info/sct</code>
              </a>
            </p>
            <table class="codes">
              <tr>
                <td style="white-space:nowrap">
                  <b>Code</b>
                </td>
                <td>
                  <b>Display</b>
                </td>
                <td>
                  <b>Definition</b>
                </td>
              </tr>
              <tr>
                <td style="white-space:nowrap">
                  <a name="http---snomed.info-sct-10828004"> </a>
                  <a href="http://browser.ihtsdotools.org/?perspective=full&amp;conceptId1=10828004">10828004</a>
                </td>
                <td>Positive (qualifier value)</td>
                <td/>
              </tr>
              <tr>
                <td style="white-space:nowrap">
                  <a name="http---snomed.info-sct-260385009"> </a>
                  <a href="http://browser.ihtsdotools.org/?perspective=full&amp;conceptId1=260385009">260385009</a>
                </td>
                <td>Negative (qualifier value)</td>
                <td/>
              </tr>
            </table>
          </div>
        </text>
        <url value="http://fhir.logicahealth.org/covid19/ValueSet/covid19-pos-neg-vs"/>
        <version value="0.1.0"/>
        <name value="PosNegVS"/>
        <title value="Positive/Negative Value Set"/>
        <status value="active"/>
        <date value="2020-04-03T11:00:56-06:00"/>
        <publisher value="COVID-19 Healthcare Coalition"/>
        <contact>
          <name value="Logica Health"/>
          <telecom>
            <system value="url"/>
            <value value="https://c19hcc.org/"/>
          </telecom>
        </contact>
        <description value="A set of SNOMED codes representing the result of a test as positive or negative."/>
        <expansion>
          <identifier value="urn:uuid:fd1b92d9-b00d-42bd-94b1-acc90cd3685e"/>
          <timestamp value="2020-04-03T11:01:51-06:00"/>
          <total value="2"/>
          <parameter>
            <name value="excludeNested"/>
            <valueBoolean value="false"/>
          </parameter>
          <parameter>
            <name value="limitedExpansion"/>
            <valueBoolean value="true"/>
          </parameter>
          <parameter>
            <name value="version"/>
            <valueString value="http://snomed.info/sct|http://snomed.info/sct/900000000000207008/version/20200309"/>
          </parameter>
          <contains>
            <system value="http://snomed.info/sct"/>
            <code value="10828004"/>
            <display value="Positive (qualifier value)"/>
          </contains>
          <contains>
            <system value="http://snomed.info/sct"/>
            <code value="260385009"/>
            <display value="Negative (qualifier value)"/>
          </contains>
        </expansion>
      </ValueSet>
    </resource>
  </entry>
  <entry>
    <fullUrl value="http://fhir.logicahealth.org/covid19/ValueSet/covid19-reporting-priority-vs"/>
    <resource>
      <ValueSet>
        <id value="covid19-reporting-priority-vs"/>
        <text>
          <status value="generated"/>
          <div xmlns="http://www.w3.org/1999/xhtml">
            <p>This value set contains 4 concepts</p>
            <p style="border: black 1px dotted; background-color: #EEEEEE; padding: 8px"/>Expansion based on SNOMED CT International edition 09-Mar 2020
            <p>All codes from system 
              <a href="http://hl7.org/fhir/R4/codesystem-snomedct.html">
                <code>http://snomed.info/sct</code>
              </a>
            </p>
            <table class="codes">
              <tr>
                <td style="white-space:nowrap">
                  <b>Code</b>
                </td>
                <td>
                  <b>Display</b>
                </td>
                <td>
                  <b>Definition</b>
                </td>
              </tr>
              <tr>
                <td style="white-space:nowrap">
                  <a name="http---snomed.info-sct-50811001"> </a>
                  <a href="http://browser.ihtsdotools.org/?perspective=full&amp;conceptId1=50811001">50811001</a>
                </td>
                <td>Routine (qualifier value)</td>
                <td/>
              </tr>
              <tr>
                <td style="white-space:nowrap">
                  <a name="http---snomed.info-sct-49499008"> </a>
                  <a href="http://browser.ihtsdotools.org/?perspective=full&amp;conceptId1=49499008">49499008</a>
                </td>
                <td>Stat (qualifier value)</td>
                <td/>
              </tr>
              <tr>
                <td style="white-space:nowrap">
                  <a name="http---snomed.info-sct-709122007"> </a>
                  <a href="http://browser.ihtsdotools.org/?perspective=full&amp;conceptId1=709122007">709122007</a>
                </td>
                <td>As soon as possible (qualifier value)</td>
                <td/>
              </tr>
              <tr>
                <td style="white-space:nowrap">
                  <a name="http---snomed.info-sct-103391001"> </a>
                  <a href="http://browser.ihtsdotools.org/?perspective=full&amp;conceptId1=103391001">103391001</a>
                </td>
                <td>Urgent (qualifier value)</td>
                <td/>
              </tr>
            </table>
          </div>
        </text>
        <url value="http://fhir.logicahealth.org/covid19/ValueSet/covid19-reporting-priority-vs"/>
        <version value="0.1.0"/>
        <name value="ReportingPriorityVS"/>
        <title value="Reporting Priorities Value Set"/>
        <status value="active"/>
        <date value="2020-04-03T11:00:56-06:00"/>
        <publisher value="COVID-19 Healthcare Coalition"/>
        <contact>
          <name value="Logica Health"/>
          <telecom>
            <system value="url"/>
            <value value="https://c19hcc.org/"/>
          </telecom>
        </contact>
        <description value="A set of SNOMED codes representing how important it is to report a lab or other observation."/>
        <expansion>
          <identifier value="urn:uuid:ac5b8263-36e3-48c2-895f-e91348f8d97d"/>
          <timestamp value="2020-04-03T11:01:51-06:00"/>
          <total value="4"/>
          <parameter>
            <name value="excludeNested"/>
            <valueBoolean value="false"/>
          </parameter>
          <parameter>
            <name value="limitedExpansion"/>
            <valueBoolean value="true"/>
          </parameter>
          <parameter>
            <name value="version"/>
            <valueString value="http://snomed.info/sct|http://snomed.info/sct/900000000000207008/version/20200309"/>
          </parameter>
          <contains>
            <system value="http://snomed.info/sct"/>
            <code value="50811001"/>
            <display value="Routine (qualifier value)"/>
          </contains>
          <contains>
            <system value="http://snomed.info/sct"/>
            <code value="49499008"/>
            <display value="Stat (qualifier value)"/>
          </contains>
          <contains>
            <system value="http://snomed.info/sct"/>
            <code value="709122007"/>
            <display value="As soon as possible (qualifier value)"/>
          </contains>
          <contains>
            <system value="http://snomed.info/sct"/>
            <code value="103391001"/>
            <display value="Urgent (qualifier value)"/>
          </contains>
        </expansion>
      </ValueSet>
    </resource>
  </entry>
</Bundle>