{"resourceType":"ImplementationGuide","id":"covid19","text":{"status":"generated","div":"<div xmlns=\"http://www.w3.org/1999/xhtml\"><h2>LogicaImplementationGuideCovid19</h2><p>The official URL for this implementation guide is: </p><pre>http://fhir.logicahealth.org/covid19/ImplementationGuide/covid19</pre><div><p>The COVID-19 IG describes structured data to be collected and communicated between providers and aggregators.</p>\n</div></div>"},"url":"http://fhir.logicahealth.org/covid19/ImplementationGuide/covid19","version":"0.1.0","name":"LogicaImplementationGuideCovid19","title":"Logica Implementation Guide: Covid-19","status":"active","date":"2020-03-30T22:18:12-04:00","publisher":"COVID-19 Healthcare Coalition","contact":[{"name":"Logica Health","telecom":[{"system":"url","value":"https://c19hcc.org/"}]}],"description":"The COVID-19 IG describes structured data to be collected and communicated between providers and aggregators.","packageId":"covid19","license":"CC0-1.0","fhirVersion":["4.0.1"],"dependsOn":[{"uri":"http://hl7.org/fhir/us/core/ImplementationGuide/hl7.fhir.us.core","packageId":"hl7.fhir.us.core","version":"3.1.0"}],"definition":{"extension":[{"extension":[{"url":"code","valueString":"copyrightyear"},{"url":"value","valueString":"2020+"}],"url":"http://hl7.org/fhir/tools/StructureDefinition/ig-parameter"},{"extension":[{"url":"code","valueString":"releaselabel"},{"url":"value","valueString":"CI Build"}],"url":"http://hl7.org/fhir/tools/StructureDefinition/ig-parameter"},{"extension":[{"url":"code","valueString":"show-inherited-invariants"},{"url":"value","valueString":"false"}],"url":"http://hl7.org/fhir/tools/StructureDefinition/ig-parameter"},{"extension":[{"url":"code","valueString":"path-qa"},{"url":"value","valueString":"temp/qa"}],"url":"http://hl7.org/fhir/tools/StructureDefinition/ig-parameter"},{"extension":[{"url":"code","valueString":"path-temp"},{"url":"value","valueString":"temp/pages"}],"url":"http://hl7.org/fhir/tools/StructureDefinition/ig-parameter"},{"extension":[{"url":"code","valueString":"path-output"},{"url":"value","valueString":"output"}],"url":"http://hl7.org/fhir/tools/StructureDefinition/ig-parameter"},{"extension":[{"url":"code","valueString":"path-suppressed-warnings"},{"url":"value","valueString":"input/ignoreWarnings.txt"}],"url":"http://hl7.org/fhir/tools/StructureDefinition/ig-parameter"},{"extension":[{"url":"code","valueString":"template-html"},{"url":"value","valueString":"template-page.html"}],"url":"http://hl7.org/fhir/tools/StructureDefinition/ig-parameter"},{"extension":[{"url":"code","valueString":"template-md"},{"url":"value","valueString":"template-page-md.html"}],"url":"http://hl7.org/fhir/tools/StructureDefinition/ig-parameter"},{"extension":[{"url":"code","valueString":"apply-contact"},{"url":"value","valueString":"true"}],"url":"http://hl7.org/fhir/tools/StructureDefinition/ig-parameter"},{"extension":[{"url":"code","valueString":"apply-context"},{"url":"value","valueString":"true"}],"url":"http://hl7.org/fhir/tools/StructureDefinition/ig-parameter"},{"extension":[{"url":"code","valueString":"apply-copyright"},{"url":"value","valueString":"true"}],"url":"http://hl7.org/fhir/tools/StructureDefinition/ig-parameter"},{"extension":[{"url":"code","valueString":"apply-jurisdiction"},{"url":"value","valueString":"true"}],"url":"http://hl7.org/fhir/tools/StructureDefinition/ig-parameter"},{"extension":[{"url":"code","valueString":"apply-license"},{"url":"value","valueString":"true"}],"url":"http://hl7.org/fhir/tools/StructureDefinition/ig-parameter"},{"extension":[{"url":"code","valueString":"apply-publisher"},{"url":"value","valueString":"true"}],"url":"http://hl7.org/fhir/tools/StructureDefinition/ig-parameter"},{"extension":[{"url":"code","valueString":"apply-version"},{"url":"value","valueString":"true"}],"url":"http://hl7.org/fhir/tools/StructureDefinition/ig-parameter"},{"extension":[{"url":"code","valueString":"active-tables"},{"url":"value","valueString":"true"}],"url":"http://hl7.org/fhir/tools/StructureDefinition/ig-parameter"}],"grouping":[{"id":"_str_abstractprofile","name":"Structures: Abstract Profiles","description":"These are profiles on resources or data types that describe patterns used by other profiles, but can't be instantiated directly.  I.e. instances can conform to profiles *based* on these abstract profiles, but don't declare conformance to the abstract profiles themselves."},{"id":"_str_profile","name":"Structures: Resource Profiles","description":"These define constraints on FHIR resources that need to be complied with by conformant implementations"},{"id":"_str_extension","name":"Structures: Extension Definitions","description":"These define constraints on FHIR data types that need to be complied with by conformant implementations"}],"resource":[{"extension":[{"url":"http://hl7.org/fhir/StructureDefinition/implementationguide-page","valueUri":"StructureDefinition-c19-coded-laboratory-observation-base.html"}],"reference":{"reference":"StructureDefinition/c19-coded-laboratory-observation-base"},"name":"Coded Laboratory Observation Base","description":"Abstract base class for coded laboratory observations.","exampleBoolean":false,"groupingId":"_str_abstractprofile"},{"extension":[{"url":"http://hl7.org/fhir/StructureDefinition/implementationguide-page","valueUri":"StructureDefinition-c19-laboratory-observation-base.html"}],"reference":{"reference":"StructureDefinition/c19-laboratory-observation-base"},"name":"Laboratory Observation Base","description":"Abstract base class for laboratory observations.","exampleBoolean":false,"groupingId":"_str_abstractprofile"},{"extension":[{"url":"http://hl7.org/fhir/StructureDefinition/implementationguide-page","valueUri":"StructureDefinition-LaboratoryObservationPanelBase.html"}],"reference":{"reference":"StructureDefinition/LaboratoryObservationPanelBase"},"name":"Laboratory Observation Panel Base","description":"A panel that contains member observations","exampleBoolean":false,"groupingId":"_str_abstractprofile"},{"extension":[{"url":"http://hl7.org/fhir/StructureDefinition/implementationguide-page","valueUri":"StructureDefinition-c19-quantitative-laboratory-observation-base.html"}],"reference":{"reference":"StructureDefinition/c19-quantitative-laboratory-observation-base"},"name":"Quantitative Laboratory Observation Base","description":"Abstract base class for quantitative laboratory observations.","exampleBoolean":false,"groupingId":"_str_abstractprofile"},{"extension":[{"url":"http://hl7.org/fhir/StructureDefinition/implementationguide-page","valueUri":"StructureDefinition-SARSCoV2AgRespQlIArapidLabObs.html"}],"reference":{"reference":"StructureDefinition/SARSCoV2AgRespQlIArapidLabObs"},"name":"SARS Co V2 Ag Resp Ql I Arapid Lab Obs","description":"SARSCoV2AgRespQlIArapidLabObs is a test for the SARS coronavirus 2 antigen via rapid immunoassay. LOINC code 94558-4.","exampleBoolean":false,"groupingId":"_str_profile"},{"extension":[{"url":"http://hl7.org/fhir/StructureDefinition/implementationguide-page","valueUri":"StructureDefinition-SARSCoV2NgenePrThrPtXXXOrdPrbAmpTarPrimerProbeSetN1LabObs.html"}],"reference":{"reference":"StructureDefinition/SARSCoV2NgenePrThrPtXXXOrdPrbAmpTarPrimerProbeSetN1LabObs"},"name":"SARS coronavirus 2 Ngene Pr Thr Pt XXX Ord Prb Amp","description":"SARScoronavirus2NgenePrThrPtXXXOrdPrbAmpTarPrimerProbeSetN1 is a test for the SARS coronavirus 2 RNA using the CDC defined method of probe amplification target primer probe set N1 and used for non-respiratory specimens. LOINC code 94307-6.","exampleBoolean":false,"groupingId":"_str_profile"},{"extension":[{"url":"http://hl7.org/fhir/StructureDefinition/implementationguide-page","valueUri":"StructureDefinition-SARSCoV2NgenePrThrPtXXXOrdPrbAmpTarPrimerProbeSetN2LabObs.html"}],"reference":{"reference":"StructureDefinition/SARSCoV2NgenePrThrPtXXXOrdPrbAmpTarPrimerProbeSetN2LabObs"},"name":"SARS coronavirus 2 Ngene Pr Thr Pt XXX Ord Prb Amp","description":"SARScoronavirus2NgenePrThrPtXXXOrdPrbAmpTarPrimerProbeSetN2 is a test for the SARS coronavirus 2 RNA using the CDC defined method of probe amplification target primer probe set N2 and used for non-respiratory specimens. LOINC code 94308-4.","exampleBoolean":false,"groupingId":"_str_profile"},{"extension":[{"url":"http://hl7.org/fhir/StructureDefinition/implementationguide-page","valueUri":"StructureDefinition-SARSCoV2NgeneThreshNumPtXXXQnPrbAmpTarPrimerProbeSetN1LabObs.html"}],"reference":{"reference":"StructureDefinition/SARSCoV2NgeneThreshNumPtXXXQnPrbAmpTarPrimerProbeSetN1LabObs"},"name":"SARS coronavirus 2 Ngene Thresh Num Pt XXX Qn Prb Amp","description":"SARSCoV2NgeneThreshNumPtXXXQnPrbAmpTarPrimerProbeSetN1LabObs is a quantitative test for the SARS coronavirus 2 N gene via the probe target amplification, primer probe set N1 method in non-respiratory specimens. LOINC code 94311-8.","exampleBoolean":false,"groupingId":"_str_profile"},{"extension":[{"url":"http://hl7.org/fhir/StructureDefinition/implementationguide-page","valueUri":"StructureDefinition-SARSCoV2NgeneThreshNumPtXXXQnPrbAmpTarPrimerProbeSetN2LabObs.html"}],"reference":{"reference":"StructureDefinition/SARSCoV2NgeneThreshNumPtXXXQnPrbAmpTarPrimerProbeSetN2LabObs"},"name":"SARS coronavirus 2 Ngene Thresh Num Pt XXX Qn Prb Amp","description":"SARSCoV2NgeneThreshNumPtXXXQnPrbAmpTarPrimerProbeSetN2LabObs is a quantitative test for the SARS coronavirus 2 N gene via the probe target amplification, primer probe set N2 method in non-respiratory specimens. LOINC code 94312-6.","exampleBoolean":false,"groupingId":"_str_profile"},{"extension":[{"url":"http://hl7.org/fhir/StructureDefinition/implementationguide-page","valueUri":"StructureDefinition-SARSCoV2ORF1abRespQlNAAprobeLabObs.html"}],"reference":{"reference":"StructureDefinition/SARSCoV2ORF1abRespQlNAAprobeLabObs"},"name":"SARS Co V2 OR F1ab Resp Ql NA Aprobe Lab","description":"SARSCoV2ORF1abRespQlNAAprobeLabObs is a laboratory test for the SARS coronavirus 2 antibody via target amplification probe detection. LOINC code 94559-2.","exampleBoolean":false,"groupingId":"_str_profile"},{"extension":[{"url":"http://hl7.org/fhir/StructureDefinition/implementationguide-page","valueUri":"StructureDefinition-SARSCoV2RNAPnlXXXNAAprobePanelLabObs.html"}],"reference":{"reference":"StructureDefinition/SARSCoV2RNAPnlXXXNAAprobePanelLabObs"},"name":"SARS Co V2 RNA Pnl XXXNA Aprobe Panel Lab Obs","description":"SARSCoV2RNAPnlXXXNAAprobeLabObs is a colection of tests for the SARS coronavirus 2 organism. LOINC code 94306-8.","exampleBoolean":false,"groupingId":"_str_profile"},{"extension":[{"url":"http://hl7.org/fhir/StructureDefinition/implementationguide-page","valueUri":"StructureDefinition-SARSLikecoronavirusNGenePrThrPtXXXOrdPrbAmpTarLabObs.html"}],"reference":{"reference":"StructureDefinition/SARSLikecoronavirusNGenePrThrPtXXXOrdPrbAmpTarLabObs"},"name":"SARS Likecoronavirus N Gene Pr Thr Pt XXX Ord Prb","description":"SARSLikecoronavirusNGenePrThrPtXXXOrdPrbAmpTarLabObs is a test for the SARS-like coronavirus N gene in non-respiratory specimens and via the probe target amplification method. LOINC code 94310-0.","exampleBoolean":false,"groupingId":"_str_profile"},{"extension":[{"url":"http://hl7.org/fhir/StructureDefinition/implementationguide-page","valueUri":"StructureDefinition-SARSLikecoronavirusNGeneThreshNumPtXXXQnPrbAmpTarLabObs.html"}],"reference":{"reference":"StructureDefinition/SARSLikecoronavirusNGeneThreshNumPtXXXQnPrbAmpTarLabObs"},"name":"SARS Likecoronavirus N Gene Thresh Num Pt XXX Qn Prb","description":"SARSLikecoronavirusNGeneThreshNumPtXXXQnPrbAmpTarLabObs is a quantitative test for the SARS-like coronavirus N gene via the probe target amplification method and a threshold for detection in non-respiratory specimens. LOINC code 94313-4.","exampleBoolean":false,"groupingId":"_str_profile"},{"extension":[{"url":"http://hl7.org/fhir/StructureDefinition/implementationguide-page","valueUri":"StructureDefinition-SARSRelatedCoronavirusRNAPrThrPtRespOrdPrbAmpTarLabObs.html"}],"reference":{"reference":"StructureDefinition/SARSRelatedCoronavirusRNAPrThrPtRespOrdPrbAmpTarLabObs"},"name":"SARS Related Coronavirus RNA Pr Thr Pt Resp Ord Prb","description":"SARSRelatedCoronavirusRNAPrThrPtRespOrdPrbAmpTar is a test for the SARS coronavirus 2 related RNA (gene not specified). LOINC code 94502-2.","exampleBoolean":false,"groupingId":"_str_profile"},{"extension":[{"url":"http://hl7.org/fhir/StructureDefinition/implementationguide-page","valueUri":"StructureDefinition-SARScoronavirus2AbIgGAcncPtSerPlasQnIALabObs.html"}],"reference":{"reference":"StructureDefinition/SARScoronavirus2AbIgGAcncPtSerPlasQnIALabObs"},"name":"SARS coronavirus 2 Ab Ig G Acnc Pt Ser Plas Qn","description":"SARScoronavirus2AbIgGAcncPtSerPlasQnIALabObs is a quantitative test for the SARS coronavirus 2 IgG antibody via immunoassay. LOINC code 94505-5.","exampleBoolean":false,"groupingId":"_str_profile"},{"extension":[{"url":"http://hl7.org/fhir/StructureDefinition/implementationguide-page","valueUri":"StructureDefinition-SARScoronavirus2AbIgGPlusIgMPrThrPtSerPlasOrdIALabObs.html"}],"reference":{"reference":"StructureDefinition/SARScoronavirus2AbIgGPlusIgMPrThrPtSerPlasOrdIALabObs"},"name":"SARS coronavirus 2 Ab Ig G Plus Ig M Pr Thr","description":"SARScoronavirus2AbIgGPlusIgMPrThrPtSerPlasOrdIALabObs is a test for the SARS coronavirus 2 IgG and IgM antibodies via immunoassay. It does not differentiate which is detected. LOINC code 94547-7.","exampleBoolean":false,"groupingId":"_str_profile"},{"extension":[{"url":"http://hl7.org/fhir/StructureDefinition/implementationguide-page","valueUri":"StructureDefinition-SARScoronavirus2AbIgGandIgMpanelPtSerPlasOrdIArapidLabObs.html"}],"reference":{"reference":"StructureDefinition/SARScoronavirus2AbIgGandIgMpanelPtSerPlasOrdIArapidLabObs"},"name":"SARS coronavirus 2 Ab Ig G Acnc Pt Ser Plas Qn","description":"SARS coronavirus 2 IgG and IgM panel - Serum or Plasma Qualitative by Rapid immunoassay","exampleBoolean":false,"groupingId":"_str_profile"},{"extension":[{"url":"http://hl7.org/fhir/StructureDefinition/implementationguide-page","valueUri":"StructureDefinition-SARScoronavirus2AbIgGandIgMpanelPtSerPlasQnIALabObs.html"}],"reference":{"reference":"StructureDefinition/SARScoronavirus2AbIgGandIgMpanelPtSerPlasQnIALabObs"},"name":"SARS coronavirus 2 Ab Ig Gand Ig Mpanel Pt Ser Plas","description":"SARScoronavirus2AbIgGandIgMpanelPtSerPlasQnIALabObs is a collection of quantitative tests for SARS coronavirus 2 antibodies, IgG and IgM. LOINC code 94504-8.","exampleBoolean":false,"groupingId":"_str_profile"},{"extension":[{"url":"http://hl7.org/fhir/StructureDefinition/implementationguide-page","valueUri":"StructureDefinition-SARScoronavirus2AbIgMAcncPtSerPlasQnIALabObs.html"}],"reference":{"reference":"StructureDefinition/SARScoronavirus2AbIgMAcncPtSerPlasQnIALabObs"},"name":"SARS coronavirus 2 Ab Ig G Plus Ig M Pr Thr","description":"SARScoronavirus2AbIgMAcncPtSerPlasQnIALabObs is a quantitative test for the SARS coronavirus 2 IgM antibody via immunoassay. LOINC code 94506-3.","exampleBoolean":false,"groupingId":"_str_profile"},{"extension":[{"url":"http://hl7.org/fhir/StructureDefinition/implementationguide-page","valueUri":"StructureDefinition-SARScoronavirus2AbIgMPrThrPtSerPlasOrdIArapidLabObs.html"}],"reference":{"reference":"StructureDefinition/SARScoronavirus2AbIgMPrThrPtSerPlasOrdIArapidLabObs"},"name":"SARS coronavirus 2 Ab Ig M Pr Thr Pt Ser Plas","description":"SARScoronavirus2AbIgMPrThrPtSerPlasOrdIArapidLabObs is a test for the SARS coronavisus 2 IgM antibody via rapid immunoassay. LOINC code 94508-9.","exampleBoolean":false,"groupingId":"_str_profile"},{"extension":[{"url":"http://hl7.org/fhir/StructureDefinition/implementationguide-page","valueUri":"StructureDefinition-SARScoronavirus2EGenePrThrPtXXXOrdPrbAmpTarLabObs.html"}],"reference":{"reference":"StructureDefinition/SARScoronavirus2EGenePrThrPtXXXOrdPrbAmpTarLabObs"},"name":"SARS coronavirus 2 E Gene Pr Thr Pt XXX Ord Prb","description":"SARScoronavirus2EGenePrThrPtXXXOrdPrbAmpTarLabObs is a test for the SARS coronavirus 2 E gene on non-respiratory specimens via the probe target amplification method in non-respiratory specimens. LOINC code 94315-9.","exampleBoolean":false,"groupingId":"_str_profile"},{"extension":[{"url":"http://hl7.org/fhir/StructureDefinition/implementationguide-page","valueUri":"StructureDefinition-SARScoronavirus2EGeneThreshNumPtXXXQnPrbAmpTarLabObs.html"}],"reference":{"reference":"StructureDefinition/SARScoronavirus2EGeneThreshNumPtXXXQnPrbAmpTarLabObs"},"name":"SARS coronavirus 2 E Gene Thresh Num Pt XXX Qn Prb","description":"SARScoronavirus2EGeneThreshNumPtXXXQnPrbAmpTarLabObs is a quantitative test for the SARS coronavirus 2 E gene via probe target ampification and with a threshold for detection in non-respiratory specimens. LOINC code 94509-7.","exampleBoolean":false,"groupingId":"_str_profile"},{"extension":[{"url":"http://hl7.org/fhir/StructureDefinition/implementationguide-page","valueUri":"StructureDefinition-SARScoronavirus2NGenePrThrPtRespOrdPrbAmpTarLabObs.html"}],"reference":{"reference":"StructureDefinition/SARScoronavirus2NGenePrThrPtRespOrdPrbAmpTarLabObs"},"name":"SARS coronavirus 2 N Gene Pr Thr Pt Resp Ord Prb","description":"SARScoronavirus2NGenePrThrPtRespOrdPrbAmpTar is the qualitative lab test for the detection of the SARS Coronavirus 2 N gene. LOINC code 94533-7.","exampleBoolean":false,"groupingId":"_str_profile"},{"extension":[{"url":"http://hl7.org/fhir/StructureDefinition/implementationguide-page","valueUri":"StructureDefinition-SARScoronavirus2NgenePrThrPtXXXOrdPrbAmpTarLabObs.html"}],"reference":{"reference":"StructureDefinition/SARScoronavirus2NgenePrThrPtXXXOrdPrbAmpTarLabObs"},"name":"SARS coronavirus 2 Ngene Pr Thr Pt XXX Ord Prb Amp","description":"SARScoronavirus2NgenePrThrPtXXXOrdPrbAmpTar is a test for the SARS coronavirus 2 RNA in non-respiratory specimens. LOINC code 94316-7.","exampleBoolean":false,"groupingId":"_str_profile"},{"extension":[{"url":"http://hl7.org/fhir/StructureDefinition/implementationguide-page","valueUri":"StructureDefinition-SARScoronavirus2NgeneThreshNumPtXXXQnPrbAmpTarLabObs.html"}],"reference":{"reference":"StructureDefinition/SARScoronavirus2NgeneThreshNumPtXXXQnPrbAmpTarLabObs"},"name":"SARS coronavirus 2 Ngene Thresh Num Pt XXX Qn Prb Amp","description":"SARScoronavirus2NgeneThreshNumPtXXXQnPrbAmpTarLabObs is a quantitative test for the SARS coronavirus 2 RNA via probe target amplification and a requirement for a certain threshold for detection. LOINC code 94510-5.","exampleBoolean":false,"groupingId":"_str_profile"},{"extension":[{"url":"http://hl7.org/fhir/StructureDefinition/implementationguide-page","valueUri":"StructureDefinition-SARScoronavirus2ORF1AbRegionThreshNumPtXXXQnPrbAmpTarLabObs.html"}],"reference":{"reference":"StructureDefinition/SARScoronavirus2ORF1AbRegionThreshNumPtXXXQnPrbAmpTarLabObs"},"name":"SARS coronavirus 2 OR F1 Ab Region Thresh Num Pt XXX","description":"SARScoronavirus2ORF1AbRegionThreshNumPtXXXQnPrbAmpTarLabObs is a quantitative test for the SARS coronavirus 2 ORF Ab region via the probe target ampificatio method and with a threshold for detection in non-respiratory specimens. LOINC code 94511-3","exampleBoolean":false,"groupingId":"_str_profile"},{"extension":[{"url":"http://hl7.org/fhir/StructureDefinition/implementationguide-page","valueUri":"StructureDefinition-SARScoronavirus2RNAPanelPtRespPrbAmpTarLabObs.html"}],"reference":{"reference":"StructureDefinition/SARScoronavirus2RNAPanelPtRespPrbAmpTarLabObs"},"name":"SARS coronavirus 2 RNA Panel Pt Resp Prb Amp Tar Lab","description":"SARScoronavirus2RNAPanelPtRespPrbAmpTar is a collection of tests for the SARS coronavirus 2 RNA. LOINC code 94531-1.","exampleBoolean":false,"groupingId":"_str_profile"},{"extension":[{"url":"http://hl7.org/fhir/StructureDefinition/implementationguide-page","valueUri":"StructureDefinition-SARScoronavirus2RNAPrThrPtRespOrdPrbAmpTarLabObs.html"}],"reference":{"reference":"StructureDefinition/SARScoronavirus2RNAPrThrPtRespOrdPrbAmpTarLabObs"},"name":"SARS coronavirus 2 RNA Pr Thr Pt Resp Ord Prb Amp","description":"SARScoronavirus2RNAPrThrPtRespOrdPrbAmpTar is the laboratory model for the SARS Coronavirus 2 specific for RNA, respiratory specimens, method of probe, target amplification. LOINC code 94500-6.","exampleBoolean":false,"groupingId":"_str_profile"},{"extension":[{"url":"http://hl7.org/fhir/StructureDefinition/implementationguide-page","valueUri":"StructureDefinition-SARScoronavirus2RNAPrThrPtXXXOrdPrbAmpTarLabObs.html"}],"reference":{"reference":"StructureDefinition/SARScoronavirus2RNAPrThrPtXXXOrdPrbAmpTarLabObs"},"name":"SARS coronavirus 2 RNA Pr Thr Pt XXX Ord Prb Amp","description":"SARScoronavirus2RNAPrThrXXXOrdPrbAmpTar is the laboratory model for the SARS Coronavirus 2 specific for RNA and method of probe, target amplification but not specific to specimen type. LOINC code 94309-2.","exampleBoolean":false,"groupingId":"_str_profile"},{"extension":[{"url":"http://hl7.org/fhir/StructureDefinition/implementationguide-page","valueUri":"StructureDefinition-SARScoronavirus2RdRpGenePrThePtRespOrdPrbAmpTarLabObs.html"}],"reference":{"reference":"StructureDefinition/SARScoronavirus2RdRpGenePrThePtRespOrdPrbAmpTarLabObs"},"name":"SARS coronavirus 2 Rd Rp Gene Pr The Pt Resp Ord","description":"SARScoronavirus2RdRpGenePrThePtRespOrdPrbAmpTar is a test for the SARS coronavirus 2 RdRp gene in respiratory spsecimens. LOINC code 94534-5.","exampleBoolean":false,"groupingId":"_str_profile"},{"extension":[{"url":"http://hl7.org/fhir/StructureDefinition/implementationguide-page","valueUri":"StructureDefinition-SARScoronavirus2RdRpGenePrThrPtXXXOrdPrbAmpTarLabObs.html"}],"reference":{"reference":"StructureDefinition/SARScoronavirus2RdRpGenePrThrPtXXXOrdPrbAmpTarLabObs"},"name":"SARS coronavirus 2 Rd Rp Gene Pr Thr Pt XXX Ord","description":"SARScoronavirus2RdRpGenePrThrPtXXXOrdPrbAmpTarLabObs is a test for the SARS coronavirus 2 RdRp gene via the probe target amplification method in non-respiratory specimens. LOINC code 94314-2.","exampleBoolean":false,"groupingId":"_str_profile"},{"extension":[{"url":"http://hl7.org/fhir/StructureDefinition/implementationguide-page","valueUri":"StructureDefinition-SARSrelatedCoVPlusMERSCoVRNAPrThrPtRespOrdPrbAmpTarLabObs.html"}],"reference":{"reference":"StructureDefinition/SARSrelatedCoVPlusMERSCoVRNAPrThrPtRespOrdPrbAmpTarLabObs"},"name":"SAR Srelatedcoronavirus Plus MER Scoronavirus RNA Pr Thr Pt Resp","description":"SARSrelatedcoronavirusPlusMERScoronavirusRNAPrThrPtRespOrdPrbAmpTar is a combined test for SARS coronavirus 2 RNA (not gene specific) and MERS coronavirus RNA. LOINC code 94532-9.","exampleBoolean":false,"groupingId":"_str_profile"},{"extension":[{"url":"http://hl7.org/fhir/StructureDefinition/implementationguide-page","valueUri":"StructureDefinition-c19-reporting-priority.html"}],"reference":{"reference":"StructureDefinition/c19-reporting-priority"},"name":"Reporting Priority","description":"The urgency level for which an observation must be reported.","exampleBoolean":false,"groupingId":"_str_extension"}],"page":{"nameUrl":"toc.html","title":"Table of Contents","generation":"html","page":[{"nameUrl":"index.html","title":"Home","generation":"markdown"},{"nameUrl":"artifacts.html","title":"Artifacts Summary","generation":"html","page":[{"nameUrl":"StructureDefinition-c19-coded-laboratory-observation-base.html","title":"Coded Laboratory Observation Base","generation":"generated"},{"nameUrl":"StructureDefinition-c19-laboratory-observation-base.html","title":"Laboratory Observation Base","generation":"generated"},{"nameUrl":"StructureDefinition-LaboratoryObservationPanelBase.html","title":"Laboratory Observation Panel Base","generation":"generated"},{"nameUrl":"StructureDefinition-c19-quantitative-laboratory-observation-base.html","title":"Quantitative Laboratory Observation Base","generation":"generated"},{"nameUrl":"StructureDefinition-SARSCoV2AgRespQlIArapidLabObs.html","title":"SARS Co V2 Ag Resp Ql I Arapid Lab Obs","generation":"generated"},{"nameUrl":"StructureDefinition-SARSCoV2NgenePrThrPtXXXOrdPrbAmpTarPrimerProbeSetN1LabObs.html","title":"SARS coronavirus 2 Ngene Pr Thr Pt XXX Ord Prb Amp","generation":"generated"},{"nameUrl":"StructureDefinition-SARSCoV2NgenePrThrPtXXXOrdPrbAmpTarPrimerProbeSetN2LabObs.html","title":"SARS coronavirus 2 Ngene Pr Thr Pt XXX Ord Prb Amp","generation":"generated"},{"nameUrl":"StructureDefinition-SARSCoV2NgeneThreshNumPtXXXQnPrbAmpTarPrimerProbeSetN1LabObs.html","title":"SARS coronavirus 2 Ngene Thresh Num Pt XXX Qn Prb Amp","generation":"generated"},{"nameUrl":"StructureDefinition-SARSCoV2NgeneThreshNumPtXXXQnPrbAmpTarPrimerProbeSetN2LabObs.html","title":"SARS coronavirus 2 Ngene Thresh Num Pt XXX Qn Prb Amp","generation":"generated"},{"nameUrl":"StructureDefinition-SARSCoV2ORF1abRespQlNAAprobeLabObs.html","title":"SARS Co V2 OR F1ab Resp Ql NA Aprobe Lab","generation":"generated"},{"nameUrl":"StructureDefinition-SARSCoV2RNAPnlXXXNAAprobePanelLabObs.html","title":"SARS Co V2 RNA Pnl XXXNA Aprobe Panel Lab Obs","generation":"generated"},{"nameUrl":"StructureDefinition-SARSLikecoronavirusNGenePrThrPtXXXOrdPrbAmpTarLabObs.html","title":"SARS Likecoronavirus N Gene Pr Thr Pt XXX Ord Prb","generation":"generated"},{"nameUrl":"StructureDefinition-SARSLikecoronavirusNGeneThreshNumPtXXXQnPrbAmpTarLabObs.html","title":"SARS Likecoronavirus N Gene Thresh Num Pt XXX Qn Prb","generation":"generated"},{"nameUrl":"StructureDefinition-SARSRelatedCoronavirusRNAPrThrPtRespOrdPrbAmpTarLabObs.html","title":"SARS Related Coronavirus RNA Pr Thr Pt Resp Ord Prb","generation":"generated"},{"nameUrl":"StructureDefinition-SARScoronavirus2AbIgGAcncPtSerPlasQnIALabObs.html","title":"SARS coronavirus 2 Ab Ig G Acnc Pt Ser Plas Qn","generation":"generated"},{"nameUrl":"StructureDefinition-SARScoronavirus2AbIgGPlusIgMPrThrPtSerPlasOrdIALabObs.html","title":"SARS coronavirus 2 Ab Ig G Plus Ig M Pr Thr","generation":"generated"},{"nameUrl":"StructureDefinition-SARScoronavirus2AbIgGandIgMpanelPtSerPlasOrdIArapidLabObs.html","title":"SARS coronavirus 2 Ab Ig G Acnc Pt Ser Plas Qn","generation":"generated"},{"nameUrl":"StructureDefinition-SARScoronavirus2AbIgGandIgMpanelPtSerPlasQnIALabObs.html","title":"SARS coronavirus 2 Ab Ig Gand Ig Mpanel Pt Ser Plas","generation":"generated"},{"nameUrl":"StructureDefinition-SARScoronavirus2AbIgMAcncPtSerPlasQnIALabObs.html","title":"SARS coronavirus 2 Ab Ig G Plus Ig M Pr Thr","generation":"generated"},{"nameUrl":"StructureDefinition-SARScoronavirus2AbIgMPrThrPtSerPlasOrdIArapidLabObs.html","title":"SARS coronavirus 2 Ab Ig M Pr Thr Pt Ser Plas","generation":"generated"},{"nameUrl":"StructureDefinition-SARScoronavirus2EGenePrThrPtXXXOrdPrbAmpTarLabObs.html","title":"SARS coronavirus 2 E Gene Pr Thr Pt XXX Ord Prb","generation":"generated"},{"nameUrl":"StructureDefinition-SARScoronavirus2EGeneThreshNumPtXXXQnPrbAmpTarLabObs.html","title":"SARS coronavirus 2 E Gene Thresh Num Pt XXX Qn Prb","generation":"generated"},{"nameUrl":"StructureDefinition-SARScoronavirus2NGenePrThrPtRespOrdPrbAmpTarLabObs.html","title":"SARS coronavirus 2 N Gene Pr Thr Pt Resp Ord Prb","generation":"generated"},{"nameUrl":"StructureDefinition-SARScoronavirus2NgenePrThrPtXXXOrdPrbAmpTarLabObs.html","title":"SARS coronavirus 2 Ngene Pr Thr Pt XXX Ord Prb Amp","generation":"generated"},{"nameUrl":"StructureDefinition-SARScoronavirus2NgeneThreshNumPtXXXQnPrbAmpTarLabObs.html","title":"SARS coronavirus 2 Ngene Thresh Num Pt XXX Qn Prb Amp","generation":"generated"},{"nameUrl":"StructureDefinition-SARScoronavirus2ORF1AbRegionThreshNumPtXXXQnPrbAmpTarLabObs.html","title":"SARS coronavirus 2 OR F1 Ab Region Thresh Num Pt XXX","generation":"generated"},{"nameUrl":"StructureDefinition-SARScoronavirus2RNAPanelPtRespPrbAmpTarLabObs.html","title":"SARS coronavirus 2 RNA Panel Pt Resp Prb Amp Tar Lab","generation":"generated"},{"nameUrl":"StructureDefinition-SARScoronavirus2RNAPrThrPtRespOrdPrbAmpTarLabObs.html","title":"SARS coronavirus 2 RNA Pr Thr Pt Resp Ord Prb Amp","generation":"generated"},{"nameUrl":"StructureDefinition-SARScoronavirus2RNAPrThrPtXXXOrdPrbAmpTarLabObs.html","title":"SARS coronavirus 2 RNA Pr Thr Pt XXX Ord Prb Amp","generation":"generated"},{"nameUrl":"StructureDefinition-SARScoronavirus2RdRpGenePrThePtRespOrdPrbAmpTarLabObs.html","title":"SARS coronavirus 2 Rd Rp Gene Pr The Pt Resp Ord","generation":"generated"},{"nameUrl":"StructureDefinition-SARScoronavirus2RdRpGenePrThrPtXXXOrdPrbAmpTarLabObs.html","title":"SARS coronavirus 2 Rd Rp Gene Pr Thr Pt XXX Ord","generation":"generated"},{"nameUrl":"StructureDefinition-SARSrelatedCoVPlusMERSCoVRNAPrThrPtRespOrdPrbAmpTarLabObs.html","title":"SAR Srelatedcoronavirus Plus MER Scoronavirus RNA Pr Thr Pt Resp","generation":"generated"},{"nameUrl":"StructureDefinition-c19-reporting-priority.html","title":"Reporting Priority","generation":"generated"}]}]},"parameter":[{"code":"path-resource","value":"input/capabilities"},{"code":"path-resource","value":"input/examples"},{"code":"path-resource","value":"input/extensions"},{"code":"path-resource","value":"input/models"},{"code":"path-resource","value":"input/operations"},{"code":"path-resource","value":"input/profiles"},{"code":"path-resource","value":"input/resources"},{"code":"path-resource","value":"input/vocabulary"},{"code":"path-resource","value":"input/maps"},{"code":"path-pages","value":"template/config"},{"code":"path-pages","value":"input/images"},{"code":"path-tx-cache","value":"input-cache/txcache"}]}}