{"resourceType":"ValueSet","id":"state-codes-vs","text":{"status":"generated","div":"<div xmlns=\"http://www.w3.org/1999/xhtml\"><h2>State Codes Value Set</h2><div><p>The list of SNOMED CT codes that represent states.</p>\n</div><ul><li>Include codes from <a href=\"http://www.snomed.org/\"><code>http://snomed.info/sct</code></a> where concept  is-a  224037005 (Regions of United States of America)</li></ul></div>"},"url":"http://fhir.logicahealth.org/covid19/ValueSet/state-codes-vs","version":"0.2.0","name":"StateCodesVS","title":"State Codes Value Set","status":"active","date":"2020-04-04T09:35:56-06:00","publisher":"COVID-19 Healthcare Coalition","contact":[{"name":"Logica Health","telecom":[{"system":"url","value":"https://c19hcc.org/"}]}],"description":"The list of SNOMED CT codes that represent states.","compose":{"include":[{"system":"http://snomed.info/sct","filter":[{"property":"concept","op":"is-a","value":"224037005"}]}]}}