{"resourceType":"ValueSet","id":"country-codes-vs","text":{"status":"generated","div":"<div xmlns=\"http://www.w3.org/1999/xhtml\"><h2>Country Codes Value Set</h2><div><p>The set of SNOMED CT codes that represent countries.</p>\n</div><ul><li>Include codes from <a href=\"http://www.snomed.org/\"><code>http://snomed.info/sct</code></a> where concept  is-a  223369002 (Countries)</li></ul></div>"},"url":"http://fhir.logicahealth.org/covid19/ValueSet/country-codes-vs","version":"0.2.0","name":"CountryCodesVS","title":"Country Codes Value Set","status":"active","date":"2020-04-07T11:18:16-06:00","publisher":"Logica","contact":[{"name":"Logica","telecom":[{"system":"url","value":"https://logicahealth.org/"}]}],"description":"The set of SNOMED CT codes that represent countries.","compose":{"include":[{"system":"http://snomed.info/sct","filter":[{"property":"concept","op":"is-a","value":"223369002"}]}]}}