{"resourceType":"ValueSet","id":"covid19-signs-1nd-symptoms-value-set","text":{"status":"generated","div":"<div xmlns=\"http://www.w3.org/1999/xhtml\"><h2>COVID 19 Signs and Symptoms Value Set</h2><div><p>The set of SNOMED CT codes that represent the signs and symptoms associated with COVID 19.</p>\n</div><ul><li>Include these codes as defined in <a href=\"http://www.snomed.org/\"><code>http://snomed.info/sct</code></a><table class=\"none\"><tr><td style=\"white-space:nowrap\"><b>Code</b></td><td><b>Display</b></td></tr><tr><td><a href=\"http://browser.ihtsdotools.org/?perspective=full&amp;conceptId1=43724002\">43724002</a></td><td>Chill (finding)</td><td/></tr><tr><td><a href=\"http://browser.ihtsdotools.org/?perspective=full&amp;conceptId1=162397003\">162397003</a></td><td>Pain in throat (finding)</td><td/></tr><tr><td><a href=\"http://browser.ihtsdotools.org/?perspective=full&amp;conceptId1=49727002\">49727002</a></td><td>Cough (finding)</td><td/></tr><tr><td><a href=\"http://browser.ihtsdotools.org/?perspective=full&amp;conceptId1=267036007\">267036007</a></td><td>Dyspnea (finding)</td><td/></tr><tr><td><a href=\"http://browser.ihtsdotools.org/?perspective=full&amp;conceptId1=426000000\">426000000</a></td><td>Fever greater than 100.4 Fahrenheit (finding)</td><td/></tr><tr><td><a href=\"http://browser.ihtsdotools.org/?perspective=full&amp;conceptId1=103001002\">103001002</a></td><td>Feeling feverish (finding)</td><td/></tr><tr><td><a href=\"http://browser.ihtsdotools.org/?perspective=full&amp;conceptId1=68962001\">68962001</a></td><td>Muscle pain (finding)</td><td/></tr><tr><td><a href=\"http://browser.ihtsdotools.org/?perspective=full&amp;conceptId1=64531003\">64531003</a></td><td>Nasal discharge (finding)</td><td/></tr><tr><td><a href=\"http://browser.ihtsdotools.org/?perspective=full&amp;conceptId1=422587007\">422587007</a></td><td>Nausea (finding)</td><td/></tr><tr><td><a href=\"http://browser.ihtsdotools.org/?perspective=full&amp;conceptId1=422400008\">422400008</a></td><td>Vomiting (disorder)</td><td/></tr><tr><td><a href=\"http://browser.ihtsdotools.org/?perspective=full&amp;conceptId1=25064002\">25064002</a></td><td>Headache (finding)</td><td/></tr><tr><td><a href=\"http://browser.ihtsdotools.org/?perspective=full&amp;conceptId1=21522001\">21522001</a></td><td>Abdominal pain (finding)</td><td/></tr><tr><td><a href=\"http://browser.ihtsdotools.org/?perspective=full&amp;conceptId1=62315008\">62315008</a></td><td>Diarrhea (finding)</td><td/></tr><tr><td><a href=\"http://browser.ihtsdotools.org/?perspective=full&amp;conceptId1=13791008\">13791008</a></td><td>Asthenia (finding)</td><td/></tr><tr><td><a href=\"http://browser.ihtsdotools.org/?perspective=full&amp;conceptId1=22253000\">22253000</a></td><td>Pain (finding)</td><td/></tr><tr><td><a href=\"http://browser.ihtsdotools.org/?perspective=full&amp;conceptId1=29857009\">29857009</a></td><td>Chest pain (finding)</td><td/></tr><tr><td><a href=\"http://browser.ihtsdotools.org/?perspective=full&amp;conceptId1=79890006\">79890006</a></td><td>Loss of appetite (finding)</td><td/></tr><tr><td><a href=\"http://browser.ihtsdotools.org/?perspective=full&amp;conceptId1=44169009\">44169009</a></td><td>Loss of sense of smell (finding)</td><td/></tr><tr><td><a href=\"http://browser.ihtsdotools.org/?perspective=full&amp;conceptId1=36955009\">36955009</a></td><td>Loss of taste (finding)</td><td/></tr><tr><td><a href=\"http://browser.ihtsdotools.org/?perspective=full&amp;conceptId1=28743005\">28743005</a></td><td>Productive cough (finding)</td><td/></tr><tr><td><a href=\"http://browser.ihtsdotools.org/?perspective=full&amp;conceptId1=11833005\">11833005</a></td><td>Dry cough (finding)</td><td/></tr></table></li></ul></div>"},"url":"http://fhir.logicahealth.org/covid19/ValueSet/covid19-signs-1nd-symptoms-value-set","version":"0.3.1","name":"COVID19SignsAndSymptomsVS","title":"COVID 19 Signs and Symptoms Value Set","status":"active","date":"2020-04-07T21:41:39-06:00","publisher":"Logica","contact":[{"name":"Logica","telecom":[{"system":"url","value":"https://logicahealth.org/"}]}],"description":"The set of SNOMED CT codes that represent the signs and symptoms associated with COVID 19.","compose":{"include":[{"system":"http://snomed.info/sct","concept":[{"code":"43724002","display":"Chill (finding)"},{"code":"162397003","display":"Pain in throat (finding)"},{"code":"49727002","display":"Cough (finding)"},{"code":"267036007","display":"Dyspnea (finding)"},{"code":"426000000","display":"Fever greater than 100.4 Fahrenheit (finding)"},{"code":"103001002","display":"Feeling feverish (finding)"},{"code":"68962001","display":"Muscle pain (finding)"},{"code":"64531003","display":"Nasal discharge (finding)"},{"code":"422587007","display":"Nausea (finding)"},{"code":"422400008","display":"Vomiting (disorder)"},{"code":"25064002","display":"Headache (finding)"},{"code":"21522001","display":"Abdominal pain (finding)"},{"code":"62315008","display":"Diarrhea (finding)"},{"code":"13791008","display":"Asthenia (finding)"},{"code":"22253000","display":"Pain (finding)"},{"code":"29857009","display":"Chest pain (finding)"},{"code":"79890006","display":"Loss of appetite (finding)"},{"code":"44169009","display":"Loss of sense of smell (finding)"},{"code":"36955009","display":"Loss of taste (finding)"},{"code":"28743005","display":"Productive cough (finding)"},{"code":"11833005","display":"Dry cough (finding)"}]}]}}