{
  "resourceType": "ImplementationGuide",
  "id": "covid19",
  "text": {
    "status": "generated",
    "div": "<div xmlns=\"http://www.w3.org/1999/xhtml\"><h2>LogicaImplementationGuideCovid19</h2><p>The official URL for this implementation guide is: </p><pre>http://fhir.logicahealth.org/covid19/ImplementationGuide/covid19</pre><div><p>The COVID-19 IG describes structured data to be collected and communicated between providers and aggregators.</p>\n</div></div>"
  },
  "url": "http://fhir.logicahealth.org/covid19/ImplementationGuide/covid19",
  "version": "0.2.0",
  "name": "LogicaImplementationGuideCovid19",
  "title": "Logica Implementation Guide: Covid-19",
  "status": "active",
  "date": "2020-04-06T16:59:30-06:00",
  "publisher": "Logica",
  "contact": [
    {
      "name": "Logica",
      "telecom": [
        {
          "system": "url",
          "value": "https://logicahealth.org/"
        }
      ]
    }
  ],
  "description": "The COVID-19 IG describes structured data to be collected and communicated between providers and aggregators.",
  "packageId": "covid19",
  "license": "CC0-1.0",
  "fhirVersion": [
    "4.0.1"
  ],
  "dependsOn": [
    {
      "uri": "http://hl7.org/fhir/us/core/ImplementationGuide/hl7.fhir.us.core",
      "packageId": "hl7.fhir.us.core",
      "version": "3.1.0"
    }
  ],
  "definition": {
    "extension": [
      {
        "extension": [
          {
            "url": "code",
            "valueString": "copyrightyear"
          },
          {
            "url": "value",
            "valueString": "2020+"
          }
        ],
        "url": "http://hl7.org/fhir/tools/StructureDefinition/ig-parameter"
      },
      {
        "extension": [
          {
            "url": "code",
            "valueString": "releaselabel"
          },
          {
            "url": "value",
            "valueString": "CI Build"
          }
        ],
        "url": "http://hl7.org/fhir/tools/StructureDefinition/ig-parameter"
      },
      {
        "extension": [
          {
            "url": "code",
            "valueString": "show-inherited-invariants"
          },
          {
            "url": "value",
            "valueString": "false"
          }
        ],
        "url": "http://hl7.org/fhir/tools/StructureDefinition/ig-parameter"
      },
      {
        "extension": [
          {
            "url": "code",
            "valueString": "path-liquid"
          },
          {
            "url": "value",
            "valueString": "template/liquid"
          }
        ],
        "url": "http://hl7.org/fhir/tools/StructureDefinition/ig-parameter"
      },
      {
        "extension": [
          {
            "url": "code",
            "valueString": "path-liquid"
          },
          {
            "url": "value",
            "valueString": "input/liquid"
          }
        ],
        "url": "http://hl7.org/fhir/tools/StructureDefinition/ig-parameter"
      },
      {
        "extension": [
          {
            "url": "code",
            "valueString": "path-qa"
          },
          {
            "url": "value",
            "valueString": "temp/qa"
          }
        ],
        "url": "http://hl7.org/fhir/tools/StructureDefinition/ig-parameter"
      },
      {
        "extension": [
          {
            "url": "code",
            "valueString": "path-temp"
          },
          {
            "url": "value",
            "valueString": "temp/pages"
          }
        ],
        "url": "http://hl7.org/fhir/tools/StructureDefinition/ig-parameter"
      },
      {
        "extension": [
          {
            "url": "code",
            "valueString": "path-output"
          },
          {
            "url": "value",
            "valueString": "output"
          }
        ],
        "url": "http://hl7.org/fhir/tools/StructureDefinition/ig-parameter"
      },
      {
        "extension": [
          {
            "url": "code",
            "valueString": "path-suppressed-warnings"
          },
          {
            "url": "value",
            "valueString": "input/ignoreWarnings.txt"
          }
        ],
        "url": "http://hl7.org/fhir/tools/StructureDefinition/ig-parameter"
      },
      {
        "extension": [
          {
            "url": "code",
            "valueString": "path-history"
          },
          {
            "url": "value",
            "valueString": "http://fhir.logicahealth.org/covid19/history.html"
          }
        ],
        "url": "http://hl7.org/fhir/tools/StructureDefinition/ig-parameter"
      },
      {
        "extension": [
          {
            "url": "code",
            "valueString": "template-html"
          },
          {
            "url": "value",
            "valueString": "template-page.html"
          }
        ],
        "url": "http://hl7.org/fhir/tools/StructureDefinition/ig-parameter"
      },
      {
        "extension": [
          {
            "url": "code",
            "valueString": "template-md"
          },
          {
            "url": "value",
            "valueString": "template-page-md.html"
          }
        ],
        "url": "http://hl7.org/fhir/tools/StructureDefinition/ig-parameter"
      },
      {
        "extension": [
          {
            "url": "code",
            "valueString": "apply-contact"
          },
          {
            "url": "value",
            "valueString": "true"
          }
        ],
        "url": "http://hl7.org/fhir/tools/StructureDefinition/ig-parameter"
      },
      {
        "extension": [
          {
            "url": "code",
            "valueString": "apply-context"
          },
          {
            "url": "value",
            "valueString": "true"
          }
        ],
        "url": "http://hl7.org/fhir/tools/StructureDefinition/ig-parameter"
      },
      {
        "extension": [
          {
            "url": "code",
            "valueString": "apply-copyright"
          },
          {
            "url": "value",
            "valueString": "true"
          }
        ],
        "url": "http://hl7.org/fhir/tools/StructureDefinition/ig-parameter"
      },
      {
        "extension": [
          {
            "url": "code",
            "valueString": "apply-jurisdiction"
          },
          {
            "url": "value",
            "valueString": "true"
          }
        ],
        "url": "http://hl7.org/fhir/tools/StructureDefinition/ig-parameter"
      },
      {
        "extension": [
          {
            "url": "code",
            "valueString": "apply-license"
          },
          {
            "url": "value",
            "valueString": "true"
          }
        ],
        "url": "http://hl7.org/fhir/tools/StructureDefinition/ig-parameter"
      },
      {
        "extension": [
          {
            "url": "code",
            "valueString": "apply-publisher"
          },
          {
            "url": "value",
            "valueString": "true"
          }
        ],
        "url": "http://hl7.org/fhir/tools/StructureDefinition/ig-parameter"
      },
      {
        "extension": [
          {
            "url": "code",
            "valueString": "apply-version"
          },
          {
            "url": "value",
            "valueString": "true"
          }
        ],
        "url": "http://hl7.org/fhir/tools/StructureDefinition/ig-parameter"
      },
      {
        "extension": [
          {
            "url": "code",
            "valueString": "active-tables"
          },
          {
            "url": "value",
            "valueString": "true"
          }
        ],
        "url": "http://hl7.org/fhir/tools/StructureDefinition/ig-parameter"
      }
    ],
    "resource": [
      {
        "extension": [
          {
            "url": "http://hl7.org/fhir/tools/StructureDefinition/resource-information",
            "valueString": "StructureDefinition:resource"
          },
          {
            "url": "http://hl7.org/fhir/StructureDefinition/implementationguide-page",
            "valueUri": "StructureDefinition-COVID-19-Diagnosis.html"
          }
        ],
        "reference": {
          "reference": "StructureDefinition/COVID-19-Diagnosis"
        },
        "name": "COVID 19 Diagnosis",
        "description": "A diagnosis or diagnoses asserted about the subject that is due to infection by the SARS coronavirus 2 virus.",
        "exampleBoolean": false
      },
      {
        "extension": [
          {
            "url": "http://hl7.org/fhir/tools/StructureDefinition/resource-information",
            "valueString": "StructureDefinition:resource:abstract"
          },
          {
            "url": "http://hl7.org/fhir/StructureDefinition/implementationguide-page",
            "valueUri": "StructureDefinition-covid-19-exposure-core.html"
          }
        ],
        "reference": {
          "reference": "StructureDefinition/covid-19-exposure-core"
        },
        "name": "COVID 19 Exposure Core profile",
        "description": "A parent, abstract profile to be used for the CDC COVID 19 PUI report form exposure section elements.",
        "exampleBoolean": false
      },
      {
        "extension": [
          {
            "url": "http://hl7.org/fhir/tools/StructureDefinition/resource-information",
            "valueString": "StructureDefinition:resource"
          },
          {
            "url": "http://hl7.org/fhir/StructureDefinition/implementationguide-page",
            "valueUri": "StructureDefinition-covid19-symptoms-absent.html"
          }
        ],
        "reference": {
          "reference": "StructureDefinition/covid19-symptoms-absent"
        },
        "name": "COVID 19 Symptoms Absent",
        "description": "A parent profile for the assertion of the Absence COVID 19 symptoms.",
        "exampleBoolean": false
      },
      {
        "extension": [
          {
            "url": "http://hl7.org/fhir/tools/StructureDefinition/resource-information",
            "valueString": "StructureDefinition:resource"
          },
          {
            "url": "http://hl7.org/fhir/StructureDefinition/implementationguide-page",
            "valueUri": "StructureDefinition-covid19-symptoms-present.html"
          }
        ],
        "reference": {
          "reference": "StructureDefinition/covid19-symptoms-present"
        },
        "name": "COVID 19 Symptoms Present",
        "description": "A parent profile for the assertion of the presence COVID 19 symptoms.",
        "exampleBoolean": false
      },
      {
        "extension": [
          {
            "url": "http://hl7.org/fhir/tools/StructureDefinition/resource-information",
            "valueString": "StructureDefinition:resource"
          },
          {
            "url": "http://hl7.org/fhir/StructureDefinition/implementationguide-page",
            "valueUri": "StructureDefinition-case-patient-report-id.html"
          }
        ],
        "reference": {
          "reference": "StructureDefinition/case-patient-report-id"
        },
        "name": "Case-Patient Report Identifying Information",
        "description": "The identifying information for a reportable disease or condition.",
        "exampleBoolean": false
      },
      {
        "extension": [
          {
            "url": "http://hl7.org/fhir/tools/StructureDefinition/resource-information",
            "valueString": "StructureDefinition:resource:abstract"
          },
          {
            "url": "http://hl7.org/fhir/StructureDefinition/implementationguide-page",
            "valueUri": "StructureDefinition-c19-coded-laboratory-observation-base.html"
          }
        ],
        "reference": {
          "reference": "StructureDefinition/c19-coded-laboratory-observation-base"
        },
        "name": "Coded Laboratory Observation Base",
        "description": "Abstract base class for coded laboratory observations.",
        "exampleBoolean": false
      },
      {
        "extension": [
          {
            "url": "http://hl7.org/fhir/tools/StructureDefinition/resource-information",
            "valueString": "StructureDefinition:resource"
          },
          {
            "url": "http://hl7.org/fhir/StructureDefinition/implementationguide-page",
            "valueUri": "StructureDefinition-Humancoronavirus229EHKU1OC43NL63RNAPresNsphLabObs.html"
          }
        ],
        "reference": {
          "reference": "StructureDefinition/Humancoronavirus229EHKU1OC43NL63RNAPresNsphLabObs"
        },
        "name": "Human coronavirus 229E+HKU1+OC43+NL63 RNA [Presence] in Nasopharynx by NAA with non-probe detection",
        "description": "Humancoronavirus229EHKU1OC43NL63RNAPrThrPtNphOrdNonprobeamptar is a test for the Human coronavirus 229EHKU1, OC43, NL63 nucleaic acids in nasopharynx specimens via non-probe, target amplification method",
        "exampleBoolean": false
      },
      {
        "extension": [
          {
            "url": "http://hl7.org/fhir/tools/StructureDefinition/resource-information",
            "valueString": "StructureDefinition:resource"
          },
          {
            "url": "http://hl7.org/fhir/StructureDefinition/implementationguide-page",
            "valueUri": "StructureDefinition-Humancoronavirus229ERNAPrThrPtNphOrdNonprobeamptarLabObs.html"
          }
        ],
        "reference": {
          "reference": "StructureDefinition/Humancoronavirus229ERNAPrThrPtNphOrdNonprobeamptarLabObs"
        },
        "name": "Human coronavirus 229E RNA [Presence] in Nasopharynx by NAA with non-probe detection",
        "description": "Humancoronavirus229ERNAPrThrPtNphOrdNonprobeamptarLabObs is a test for the Human coronavirus 229E nucleaic acid in nasopharynx specimens via non-probe, target amplification method.",
        "exampleBoolean": false
      },
      {
        "extension": [
          {
            "url": "http://hl7.org/fhir/tools/StructureDefinition/resource-information",
            "valueString": "StructureDefinition:resource"
          },
          {
            "url": "http://hl7.org/fhir/StructureDefinition/implementationguide-page",
            "valueUri": "StructureDefinition-HumancoronavirusHKU1RNAPrThrPtNphOrdNonprobeamptarLabObs.html"
          }
        ],
        "reference": {
          "reference": "StructureDefinition/HumancoronavirusHKU1RNAPrThrPtNphOrdNonprobeamptarLabObs"
        },
        "name": "Human coronavirus HKU1 RNA [Presence] in Nasopharynx by NAA with non-probe detection",
        "description": "HumancoronavirusHKU1RNAPrThrPtNphOrdNonprobeamptarLabObs is a test for the Human coronavirus HKU1 nucleaic acid in nasopharynx specimens via non-probe, target amplification method.",
        "exampleBoolean": false
      },
      {
        "extension": [
          {
            "url": "http://hl7.org/fhir/tools/StructureDefinition/resource-information",
            "valueString": "StructureDefinition:resource"
          },
          {
            "url": "http://hl7.org/fhir/StructureDefinition/implementationguide-page",
            "valueUri": "StructureDefinition-HumancoronavirusNL63RNAPrThrPtNphOrdNonprobeamptarLabObs.html"
          }
        ],
        "reference": {
          "reference": "StructureDefinition/HumancoronavirusNL63RNAPrThrPtNphOrdNonprobeamptarLabObs"
        },
        "name": "Human coronavirus NL63 RNA [Presence] in Nasopharynx by NAA with non-probe detection",
        "description": "HumancoronavirusNL63RNAPrThrPtNphOrdNonprobeamptarLabObs is a test for the Human coronavirus NL63 nucleaic acid in nasopharynx specimens via non-probe, target amplification method.",
        "exampleBoolean": false
      },
      {
        "extension": [
          {
            "url": "http://hl7.org/fhir/tools/StructureDefinition/resource-information",
            "valueString": "StructureDefinition:resource"
          },
          {
            "url": "http://hl7.org/fhir/StructureDefinition/implementationguide-page",
            "valueUri": "StructureDefinition-HumancoronavirusOC43RNAPrThrPtNphOrdNonprobeamptarLabObs.html"
          }
        ],
        "reference": {
          "reference": "StructureDefinition/HumancoronavirusOC43RNAPrThrPtNphOrdNonprobeamptarLabObs"
        },
        "name": "Human coronavirus OC43 RNA [Presence] in Nasopharynx by NAA with non-probe detection",
        "description": "HumancoronavirusOC43RNAPrThrPtNphOrdNonprobeamptarLabObs is a test for the Human coronavirus OC43 nucleaic acid in nasopharynx specimens via non-probe, target amplification method.",
        "exampleBoolean": false
      },
      {
        "extension": [
          {
            "url": "http://hl7.org/fhir/tools/StructureDefinition/resource-information",
            "valueString": "StructureDefinition:resource"
          },
          {
            "url": "http://hl7.org/fhir/StructureDefinition/implementationguide-page",
            "valueUri": "StructureDefinition-known-exposure.html"
          }
        ],
        "reference": {
          "reference": "StructureDefinition/known-exposure"
        },
        "name": "Known Exposure",
        "description": "Known Exposure is a description of how, when, where, and with whom and individual was exposed to a contagion.",
        "exampleBoolean": false
      },
      {
        "extension": [
          {
            "url": "http://hl7.org/fhir/tools/StructureDefinition/resource-information",
            "valueString": "StructureDefinition:resource:abstract"
          },
          {
            "url": "http://hl7.org/fhir/StructureDefinition/implementationguide-page",
            "valueUri": "StructureDefinition-c19-laboratory-observation-base.html"
          }
        ],
        "reference": {
          "reference": "StructureDefinition/c19-laboratory-observation-base"
        },
        "name": "Laboratory Observation Base",
        "description": "Abstract base class for laboratory observations.",
        "exampleBoolean": false
      },
      {
        "extension": [
          {
            "url": "http://hl7.org/fhir/tools/StructureDefinition/resource-information",
            "valueString": "StructureDefinition:resource:abstract"
          },
          {
            "url": "http://hl7.org/fhir/StructureDefinition/implementationguide-page",
            "valueUri": "StructureDefinition-LaboratoryObservationPanelBase.html"
          }
        ],
        "reference": {
          "reference": "StructureDefinition/LaboratoryObservationPanelBase"
        },
        "name": "Laboratory Observation Panel Base",
        "description": "A panel that contains member observations",
        "exampleBoolean": false
      },
      {
        "extension": [
          {
            "url": "http://hl7.org/fhir/tools/StructureDefinition/resource-information",
            "valueString": "StructureDefinition:resource:abstract"
          },
          {
            "url": "http://hl7.org/fhir/StructureDefinition/implementationguide-page",
            "valueUri": "StructureDefinition-c19-quantitative-laboratory-observation-base.html"
          }
        ],
        "reference": {
          "reference": "StructureDefinition/c19-quantitative-laboratory-observation-base"
        },
        "name": "Quantitative Laboratory Observation Base",
        "description": "Abstract base class for quantitative laboratory observations.",
        "exampleBoolean": false
      },
      {
        "extension": [
          {
            "url": "http://hl7.org/fhir/tools/StructureDefinition/resource-information",
            "valueString": "StructureDefinition:resource"
          },
          {
            "url": "http://hl7.org/fhir/StructureDefinition/implementationguide-page",
            "valueUri": "StructureDefinition-SARSCoV2AgRespQlIArapidLabObs.html"
          }
        ],
        "reference": {
          "reference": "StructureDefinition/SARSCoV2AgRespQlIArapidLabObs"
        },
        "name": "SARS coronavirus 2 Ag [Presence] in Respiratory specimen by Rapid immunoassay",
        "description": "SARSCoV2AgRespQlIArapidLabObs is a test for the SARS coronavirus 2 antigen via rapid immunoassay. LOINC code 94558-4.",
        "exampleBoolean": false
      },
      {
        "extension": [
          {
            "url": "http://hl7.org/fhir/tools/StructureDefinition/resource-information",
            "valueString": "StructureDefinition:resource"
          },
          {
            "url": "http://hl7.org/fhir/StructureDefinition/implementationguide-page",
            "valueUri": "StructureDefinition-SARSCoV2NgenePrThrPtXXXOrdPrbAmpTarPrimerProbeSetN1LabObs.html"
          }
        ],
        "reference": {
          "reference": "StructureDefinition/SARSCoV2NgenePrThrPtXXXOrdPrbAmpTarPrimerProbeSetN1LabObs"
        },
        "name": "SARS coronavirus 2 N gene [Presence] in Unspecified specimen by Nucleic acid amplification using primer-probe set N1",
        "description": "SARScoronavirus2NgenePrThrPtXXXOrdPrbAmpTarPrimerProbeSetN1 is a test for the SARS coronavirus 2 RNA using the CDC defined method of probe amplification target primer probe set N1 and used for non-respiratory specimens. LOINC code 94307-6.",
        "exampleBoolean": false
      },
      {
        "extension": [
          {
            "url": "http://hl7.org/fhir/tools/StructureDefinition/resource-information",
            "valueString": "StructureDefinition:resource"
          },
          {
            "url": "http://hl7.org/fhir/StructureDefinition/implementationguide-page",
            "valueUri": "StructureDefinition-SARSCoV2NgenePrThrPtXXXOrdPrbAmpTarPrimerProbeSetN2LabObs.html"
          }
        ],
        "reference": {
          "reference": "StructureDefinition/SARSCoV2NgenePrThrPtXXXOrdPrbAmpTarPrimerProbeSetN2LabObs"
        },
        "name": "SARS coronavirus 2 N gene [Presence] in Unspecified specimen by Nucleic acid amplification using primer-probe set N2",
        "description": "SARScoronavirus2NgenePrThrPtXXXOrdPrbAmpTarPrimerProbeSetN2 is a test for the SARS coronavirus 2 RNA using the CDC defined method of probe amplification target primer probe set N2 and used for non-respiratory specimens. LOINC code 94308-4.",
        "exampleBoolean": false
      },
      {
        "extension": [
          {
            "url": "http://hl7.org/fhir/tools/StructureDefinition/resource-information",
            "valueString": "StructureDefinition:resource"
          },
          {
            "url": "http://hl7.org/fhir/StructureDefinition/implementationguide-page",
            "valueUri": "StructureDefinition-SARSCoV2NgeneThreshNumPtXXXQnPrbAmpTarPrimerProbeSetN1LabObs.html"
          }
        ],
        "reference": {
          "reference": "StructureDefinition/SARSCoV2NgeneThreshNumPtXXXQnPrbAmpTarPrimerProbeSetN1LabObs"
        },
        "name": "SARS coronavirus 2 N gene [Cycle Threshold #] in Unspecified specimen by Nucleic acid amplification using primer-probe set N1",
        "description": "SARSCoV2NgeneThreshNumPtXXXQnPrbAmpTarPrimerProbeSetN1LabObs is a quantitative test for the SARS coronavirus 2 N gene via the probe target amplification, primer probe set N1 method in non-respiratory specimens. LOINC code 94311-8.",
        "exampleBoolean": false
      },
      {
        "extension": [
          {
            "url": "http://hl7.org/fhir/tools/StructureDefinition/resource-information",
            "valueString": "StructureDefinition:resource"
          },
          {
            "url": "http://hl7.org/fhir/StructureDefinition/implementationguide-page",
            "valueUri": "StructureDefinition-SARSCoV2NgeneThreshNumPtXXXQnPrbAmpTarPrimerProbeSetN2LabObs.html"
          }
        ],
        "reference": {
          "reference": "StructureDefinition/SARSCoV2NgeneThreshNumPtXXXQnPrbAmpTarPrimerProbeSetN2LabObs"
        },
        "name": "SARS coronavirus 2 N gene [Cycle Threshold #] in Unspecified specimen by Nucleic acid amplification using primer-probe set N2",
        "description": "SARSCoV2NgeneThreshNumPtXXXQnPrbAmpTarPrimerProbeSetN2LabObs is a quantitative test for the SARS coronavirus 2 N gene via the probe target amplification, primer probe set N2 method in non-respiratory specimens. LOINC code 94312-6.",
        "exampleBoolean": false
      },
      {
        "extension": [
          {
            "url": "http://hl7.org/fhir/tools/StructureDefinition/resource-information",
            "valueString": "StructureDefinition:resource"
          },
          {
            "url": "http://hl7.org/fhir/StructureDefinition/implementationguide-page",
            "valueUri": "StructureDefinition-SARSCoV2ORF1abRespQlNAAprobeLabObs.html"
          }
        ],
        "reference": {
          "reference": "StructureDefinition/SARSCoV2ORF1abRespQlNAAprobeLabObs"
        },
        "name": "SARS coronavirus 2 ORF1ab region [Presence] in Respiratory specimen by NAA with probe detection",
        "description": "SARSCoV2ORF1abRespQlNAAprobeLabObs is a laboratory test for the SARS coronavirus 2 antibody via target amplification probe detection. LOINC code 94559-2.",
        "exampleBoolean": false
      },
      {
        "extension": [
          {
            "url": "http://hl7.org/fhir/tools/StructureDefinition/resource-information",
            "valueString": "StructureDefinition:resource"
          },
          {
            "url": "http://hl7.org/fhir/StructureDefinition/implementationguide-page",
            "valueUri": "StructureDefinition-SARSCoV2RNAPnlXXXNAAprobePanelLabObs.html"
          }
        ],
        "reference": {
          "reference": "StructureDefinition/SARSCoV2RNAPnlXXXNAAprobePanelLabObs"
        },
        "name": "SARS coronavirus 2 RNA panel - Unspecified specimen by NAA with probe detection",
        "description": "SARSCoV2RNAPnlXXXNAAprobeLabObs is a colection of tests for the SARS coronavirus 2 organism. LOINC code 94306-8.",
        "exampleBoolean": false
      },
      {
        "extension": [
          {
            "url": "http://hl7.org/fhir/tools/StructureDefinition/resource-information",
            "valueString": "StructureDefinition:resource"
          },
          {
            "url": "http://hl7.org/fhir/StructureDefinition/implementationguide-page",
            "valueUri": "StructureDefinition-SARSLikecoronavirusNGenePrThrPtXXXOrdPrbAmpTarLabObs.html"
          }
        ],
        "reference": {
          "reference": "StructureDefinition/SARSLikecoronavirusNGenePrThrPtXXXOrdPrbAmpTarLabObs"
        },
        "name": "SARS-like coronavirus N gene [Presence] in Unspecified specimen by NAA with probe detection",
        "description": "SARSLikecoronavirusNGenePrThrPtXXXOrdPrbAmpTarLabObs is a test for the SARS-like coronavirus N gene in non-respiratory specimens and via the probe target amplification method. LOINC code 94310-0.",
        "exampleBoolean": false
      },
      {
        "extension": [
          {
            "url": "http://hl7.org/fhir/tools/StructureDefinition/resource-information",
            "valueString": "StructureDefinition:resource"
          },
          {
            "url": "http://hl7.org/fhir/StructureDefinition/implementationguide-page",
            "valueUri": "StructureDefinition-SARSLikecoronavirusNGeneThreshNumPtXXXQnPrbAmpTarLabObs.html"
          }
        ],
        "reference": {
          "reference": "StructureDefinition/SARSLikecoronavirusNGeneThreshNumPtXXXQnPrbAmpTarLabObs"
        },
        "name": "SARS-like coronavirus N gene [Cycle Threshold #] in Unspecified specimen by NAA with probe detection",
        "description": "SARSLikecoronavirusNGeneThreshNumPtXXXQnPrbAmpTarLabObs is a quantitative test for the SARS-like coronavirus N gene via the probe target amplification method and a threshold for detection in non-respiratory specimens. LOINC code 94313-4.",
        "exampleBoolean": false
      },
      {
        "extension": [
          {
            "url": "http://hl7.org/fhir/tools/StructureDefinition/resource-information",
            "valueString": "StructureDefinition:resource"
          },
          {
            "url": "http://hl7.org/fhir/StructureDefinition/implementationguide-page",
            "valueUri": "StructureDefinition-SARSRelatedCoronavirusRNAPrThrPtRespOrdPrbAmpTarLabObs.html"
          }
        ],
        "reference": {
          "reference": "StructureDefinition/SARSRelatedCoronavirusRNAPrThrPtRespOrdPrbAmpTarLabObs"
        },
        "name": "SARS-related coronavirus RNA [Presence] in Respiratory specimen by NAA with probe detection",
        "description": "SARSRelatedCoronavirusRNAPrThrPtRespOrdPrbAmpTar is a test for the SARS coronavirus 2 related RNA (gene not specified). LOINC code 94502-2.",
        "exampleBoolean": false
      },
      {
        "extension": [
          {
            "url": "http://hl7.org/fhir/tools/StructureDefinition/resource-information",
            "valueString": "StructureDefinition:resource"
          },
          {
            "url": "http://hl7.org/fhir/StructureDefinition/implementationguide-page",
            "valueUri": "StructureDefinition-SARScoronavirus2AbIgAPrThrPtSerPlasOrdIALabObs.html"
          }
        ],
        "reference": {
          "reference": "StructureDefinition/SARScoronavirus2AbIgAPrThrPtSerPlasOrdIALabObs"
        },
        "name": "SARS coronavirus 2 IgA Ab [Presence] in Serum or Plasma by Immunoassay",
        "description": "SARScoronavirus2AbIgAPrThrPtSerPlasOrdIALabObs is a qualitative test for the SARS coronavirus 2 IgA antibody in serum or plasma via immunoassay.",
        "exampleBoolean": false
      },
      {
        "extension": [
          {
            "url": "http://hl7.org/fhir/tools/StructureDefinition/resource-information",
            "valueString": "StructureDefinition:resource"
          },
          {
            "url": "http://hl7.org/fhir/StructureDefinition/implementationguide-page",
            "valueUri": "StructureDefinition-SARScoronavirus2AbIgGAcncPtSerPlasQnIALabObs.html"
          }
        ],
        "reference": {
          "reference": "StructureDefinition/SARScoronavirus2AbIgGAcncPtSerPlasQnIALabObs"
        },
        "name": "SARS coronavirus 2 IgG Ab [Units/volume] in Serum or Plasma by Immunoassay",
        "description": "SARScoronavirus2AbIgGAcncPtSerPlasQnIALabObs is a quantitative test for the SARS coronavirus 2 IgG antibody via immunoassay. LOINC code 94505-5.",
        "exampleBoolean": false
      },
      {
        "extension": [
          {
            "url": "http://hl7.org/fhir/tools/StructureDefinition/resource-information",
            "valueString": "StructureDefinition:resource"
          },
          {
            "url": "http://hl7.org/fhir/StructureDefinition/implementationguide-page",
            "valueUri": "StructureDefinition-SARScoronavirus2AbIgGPlusIgMPrThrPtSerPlasOrdIALabObs.html"
          }
        ],
        "reference": {
          "reference": "StructureDefinition/SARScoronavirus2AbIgGPlusIgMPrThrPtSerPlasOrdIALabObs"
        },
        "name": "SARS coronavirus 2 IgG+IgM Ab [Presence] in Serum or Plasma by Immunoassay",
        "description": "SARScoronavirus2AbIgGPlusIgMPrThrPtSerPlasOrdIALabObs is a test for the SARS coronavirus 2 IgG and IgM antibodies via immunoassay. It does not differentiate which is detected. LOINC code 94547-7.",
        "exampleBoolean": false
      },
      {
        "extension": [
          {
            "url": "http://hl7.org/fhir/tools/StructureDefinition/resource-information",
            "valueString": "StructureDefinition:resource"
          },
          {
            "url": "http://hl7.org/fhir/StructureDefinition/implementationguide-page",
            "valueUri": "StructureDefinition-SARScoronavirus2AbIgGPrThrPtSerPlasOrdIALabObs.html"
          }
        ],
        "reference": {
          "reference": "StructureDefinition/SARScoronavirus2AbIgGPrThrPtSerPlasOrdIALabObs"
        },
        "name": "SARS coronavirus 2 IgG Ab [Presence] in Serum or Plasma by Immunoassay",
        "description": "SARScoronavirus2AbIgGPrThrPtSerPlasOrdIALabObs is a qualitative test for the SARS coronavirus 2 IgG antibody via immunoassay.",
        "exampleBoolean": false
      },
      {
        "extension": [
          {
            "url": "http://hl7.org/fhir/tools/StructureDefinition/resource-information",
            "valueString": "StructureDefinition:resource"
          },
          {
            "url": "http://hl7.org/fhir/StructureDefinition/implementationguide-page",
            "valueUri": "StructureDefinition-SARScoronavirus2AbIgGandIgMpanelPtSerPlasOrdIArapidLabObs.html"
          }
        ],
        "reference": {
          "reference": "StructureDefinition/SARScoronavirus2AbIgGandIgMpanelPtSerPlasOrdIArapidLabObs"
        },
        "name": "SARS coronavirus 2 IgG and IgM panel - Serum or Plasma Qualitative by Rapid immunoassay",
        "description": "SARS coronavirus 2 IgG and IgM panel - Serum or Plasma Qualitative by Rapid immunoassay",
        "exampleBoolean": false
      },
      {
        "extension": [
          {
            "url": "http://hl7.org/fhir/tools/StructureDefinition/resource-information",
            "valueString": "StructureDefinition:resource"
          },
          {
            "url": "http://hl7.org/fhir/StructureDefinition/implementationguide-page",
            "valueUri": "StructureDefinition-SARScoronavirus2AbIgGandIgMpanelPtSerPlasQnIALabObs.html"
          }
        ],
        "reference": {
          "reference": "StructureDefinition/SARScoronavirus2AbIgGandIgMpanelPtSerPlasQnIALabObs"
        },
        "name": "SARS coronavirus 2 IgG and IgM panel - Serum or Plasma by Immunoassay",
        "description": "SARScoronavirus2AbIgGandIgMpanelPtSerPlasQnIALabObs is a collection of quantitative tests for SARS coronavirus 2 antibodies, IgG and IgM. LOINC code 94504-8.",
        "exampleBoolean": false
      },
      {
        "extension": [
          {
            "url": "http://hl7.org/fhir/tools/StructureDefinition/resource-information",
            "valueString": "StructureDefinition:resource"
          },
          {
            "url": "http://hl7.org/fhir/StructureDefinition/implementationguide-page",
            "valueUri": "StructureDefinition-SARScoronavirus2AbIgMAcncPtSerPlasQnIALabObs.html"
          }
        ],
        "reference": {
          "reference": "StructureDefinition/SARScoronavirus2AbIgMAcncPtSerPlasQnIALabObs"
        },
        "name": "SARS coronavirus 2 IgM Ab [Units/volume] in Serum or Plasma by Immunoassay",
        "description": "SARScoronavirus2AbIgMAcncPtSerPlasQnIALabObs is a quantitative test for the SARS coronavirus 2 IgM antibody via immunoassay. LOINC code 94506-3.",
        "exampleBoolean": false
      },
      {
        "extension": [
          {
            "url": "http://hl7.org/fhir/tools/StructureDefinition/resource-information",
            "valueString": "StructureDefinition:resource"
          },
          {
            "url": "http://hl7.org/fhir/StructureDefinition/implementationguide-page",
            "valueUri": "StructureDefinition-SARScoronavirus2AbIgMPrThrPtSerPlasOrdIALabObs.html"
          }
        ],
        "reference": {
          "reference": "StructureDefinition/SARScoronavirus2AbIgMPrThrPtSerPlasOrdIALabObs"
        },
        "name": "SARS coronavirus 2 IgM Ab [Presence] in Serum or Plasma by Immunoassay",
        "description": "SARScoronavirus2AbIgMPrThrPtSerPlasOrdIALabObs is a test for the SARS coronavirus 2 IgM antibody in serum or plasma via immunoassay.",
        "exampleBoolean": false
      },
      {
        "extension": [
          {
            "url": "http://hl7.org/fhir/tools/StructureDefinition/resource-information",
            "valueString": "StructureDefinition:resource"
          },
          {
            "url": "http://hl7.org/fhir/StructureDefinition/implementationguide-page",
            "valueUri": "StructureDefinition-SARScoronavirus2AbIgMPrThrPtSerPlasOrdIArapidLabObs.html"
          }
        ],
        "reference": {
          "reference": "StructureDefinition/SARScoronavirus2AbIgMPrThrPtSerPlasOrdIArapidLabObs"
        },
        "name": "SARS coronavirus 2 IgM Ab [Presence] in Serum or Plasma by Rapid immunoassay",
        "description": "SARScoronavirus2AbIgMPrThrPtSerPlasOrdIArapidLabObs is a test for the SARS coronavisus 2 IgM antibody via rapid immunoassay. LOINC code 94508-9.",
        "exampleBoolean": false
      },
      {
        "extension": [
          {
            "url": "http://hl7.org/fhir/tools/StructureDefinition/resource-information",
            "valueString": "StructureDefinition:resource"
          },
          {
            "url": "http://hl7.org/fhir/StructureDefinition/implementationguide-page",
            "valueUri": "StructureDefinition-SARScoronavirus2EGenePrThrPtXXXOrdPrbAmpTarLabObs.html"
          }
        ],
        "reference": {
          "reference": "StructureDefinition/SARScoronavirus2EGenePrThrPtXXXOrdPrbAmpTarLabObs"
        },
        "name": "SARS coronavirus 2 E gene [Presence] in Unspecified specimen by NAA with probe detection",
        "description": "SARScoronavirus2EGenePrThrPtXXXOrdPrbAmpTarLabObs is a test for the SARS coronavirus 2 E gene on non-respiratory specimens via the probe target amplification method in non-respiratory specimens. LOINC code 94315-9.",
        "exampleBoolean": false
      },
      {
        "extension": [
          {
            "url": "http://hl7.org/fhir/tools/StructureDefinition/resource-information",
            "valueString": "StructureDefinition:resource"
          },
          {
            "url": "http://hl7.org/fhir/StructureDefinition/implementationguide-page",
            "valueUri": "StructureDefinition-SARScoronavirus2EGeneThreshNumPtXXXQnPrbAmpTarLabObs.html"
          }
        ],
        "reference": {
          "reference": "StructureDefinition/SARScoronavirus2EGeneThreshNumPtXXXQnPrbAmpTarLabObs"
        },
        "name": "SARS coronavirus 2 E gene [Cycle Threshold #] in Unspecified specimen by NAA with probe detection",
        "description": "SARScoronavirus2EGeneThreshNumPtXXXQnPrbAmpTarLabObs is a quantitative test for the SARS coronavirus 2 E gene via probe target ampification and with a threshold for detection in non-respiratory specimens. LOINC code 94509-7.",
        "exampleBoolean": false
      },
      {
        "extension": [
          {
            "url": "http://hl7.org/fhir/tools/StructureDefinition/resource-information",
            "valueString": "StructureDefinition:resource"
          },
          {
            "url": "http://hl7.org/fhir/StructureDefinition/implementationguide-page",
            "valueUri": "StructureDefinition-SARScoronavirus2NGenePrThrPtRespOrdPrbAmpTarLabObs.html"
          }
        ],
        "reference": {
          "reference": "StructureDefinition/SARScoronavirus2NGenePrThrPtRespOrdPrbAmpTarLabObs"
        },
        "name": "SARS coronavirus 2 N gene [Presence] in Respiratory specimen by NAA with probe detection",
        "description": "SARScoronavirus2NGenePrThrPtRespOrdPrbAmpTar is the qualitative lab test for the detection of the SARS Coronavirus 2 N gene. LOINC code 94533-7.",
        "exampleBoolean": false
      },
      {
        "extension": [
          {
            "url": "http://hl7.org/fhir/tools/StructureDefinition/resource-information",
            "valueString": "StructureDefinition:resource"
          },
          {
            "url": "http://hl7.org/fhir/StructureDefinition/implementationguide-page",
            "valueUri": "StructureDefinition-SARScoronavirus2NgenePrThrPtXXXOrdPrbAmpTarLabObs.html"
          }
        ],
        "reference": {
          "reference": "StructureDefinition/SARScoronavirus2NgenePrThrPtXXXOrdPrbAmpTarLabObs"
        },
        "name": "SARS coronavirus 2 N gene [Presence] in Unspecified specimen by NAA with probe detection",
        "description": "SARScoronavirus2NgenePrThrPtXXXOrdPrbAmpTar is a test for the SARS coronavirus 2 RNA in non-respiratory specimens. LOINC code 94316-7.",
        "exampleBoolean": false
      },
      {
        "extension": [
          {
            "url": "http://hl7.org/fhir/tools/StructureDefinition/resource-information",
            "valueString": "StructureDefinition:resource"
          },
          {
            "url": "http://hl7.org/fhir/StructureDefinition/implementationguide-page",
            "valueUri": "StructureDefinition-SARScoronavirus2NgeneThreshNumPtXXXQnPrbAmpTarLabObs.html"
          }
        ],
        "reference": {
          "reference": "StructureDefinition/SARScoronavirus2NgeneThreshNumPtXXXQnPrbAmpTarLabObs"
        },
        "name": "SARS coronavirus 2 N gene [Cycle Threshold #] in Unspecified specimen by NAA with probe detection",
        "description": "SARScoronavirus2NgeneThreshNumPtXXXQnPrbAmpTarLabObs is a quantitative test for the SARS coronavirus 2 RNA via probe target amplification and a requirement for a certain threshold for detection. LOINC code 94510-5.",
        "exampleBoolean": false
      },
      {
        "extension": [
          {
            "url": "http://hl7.org/fhir/tools/StructureDefinition/resource-information",
            "valueString": "StructureDefinition:resource"
          },
          {
            "url": "http://hl7.org/fhir/StructureDefinition/implementationguide-page",
            "valueUri": "StructureDefinition-SARScoronavirus2ORF1AbRegionThreshNumPtXXXQnPrbAmpTarLabObs.html"
          }
        ],
        "reference": {
          "reference": "StructureDefinition/SARScoronavirus2ORF1AbRegionThreshNumPtXXXQnPrbAmpTarLabObs"
        },
        "name": "SARS coronavirus 2 ORF1ab region [Cycle Threshold #] in Unspecified specimen by NAA with probe detection",
        "description": "SARScoronavirus2ORF1AbRegionThreshNumPtXXXQnPrbAmpTarLabObs is a quantitative test for the SARS coronavirus 2 ORF Ab region via the probe target ampificatio method and with a threshold for detection in non-respiratory specimens. LOINC code 94511-3",
        "exampleBoolean": false
      },
      {
        "extension": [
          {
            "url": "http://hl7.org/fhir/tools/StructureDefinition/resource-information",
            "valueString": "StructureDefinition:resource"
          },
          {
            "url": "http://hl7.org/fhir/StructureDefinition/implementationguide-page",
            "valueUri": "StructureDefinition-SARScoronavirus2RNAPanelPtRespPrbAmpTarLabObs.html"
          }
        ],
        "reference": {
          "reference": "StructureDefinition/SARScoronavirus2RNAPanelPtRespPrbAmpTarLabObs"
        },
        "name": "SARS coronavirus 2 RNA panel - Respiratory specimen by NAA with probe detection",
        "description": "SARScoronavirus2RNAPanelPtRespPrbAmpTar is a collection of tests for the SARS coronavirus 2 RNA. LOINC code 94531-1.",
        "exampleBoolean": false
      },
      {
        "extension": [
          {
            "url": "http://hl7.org/fhir/tools/StructureDefinition/resource-information",
            "valueString": "StructureDefinition:resource"
          },
          {
            "url": "http://hl7.org/fhir/StructureDefinition/implementationguide-page",
            "valueUri": "StructureDefinition-SARScoronavirus2RNAPrThrPtNphOrdNonprobeamptarLabObs.html"
          }
        ],
        "reference": {
          "reference": "StructureDefinition/SARScoronavirus2RNAPrThrPtNphOrdNonprobeamptarLabObs"
        },
        "name": "SARS coronavirus 2 RNA [Presence] in Nasopharynx by NAA with non-probe detection",
        "description": "SARScoronavirus2RNAPrThrPtNphOrdNonprobeamptarLabObs is a test for SARS coronavirus 2 RNA nucleaic acids in nasopharynx specimens via non-probe, target amplification method.",
        "exampleBoolean": false
      },
      {
        "extension": [
          {
            "url": "http://hl7.org/fhir/tools/StructureDefinition/resource-information",
            "valueString": "StructureDefinition:resource"
          },
          {
            "url": "http://hl7.org/fhir/StructureDefinition/implementationguide-page",
            "valueUri": "StructureDefinition-SARScoronavirus2RNAPrThrPtRespOrdPrbAmpTarLabObs.html"
          }
        ],
        "reference": {
          "reference": "StructureDefinition/SARScoronavirus2RNAPrThrPtRespOrdPrbAmpTarLabObs"
        },
        "name": "SARS coronavirus 2 RNA [Presence] in Respiratory specimen by NAA with probe detection",
        "description": "SARScoronavirus2RNAPrThrPtRespOrdPrbAmpTar is the laboratory model for the SARS Coronavirus 2 specific for RNA, respiratory specimens, method of probe, target amplification. LOINC code 94500-6.",
        "exampleBoolean": false
      },
      {
        "extension": [
          {
            "url": "http://hl7.org/fhir/tools/StructureDefinition/resource-information",
            "valueString": "StructureDefinition:resource"
          },
          {
            "url": "http://hl7.org/fhir/StructureDefinition/implementationguide-page",
            "valueUri": "StructureDefinition-SARScoronavirus2RNAPrThrPtXXXOrdPrbAmpTarLabObs.html"
          }
        ],
        "reference": {
          "reference": "StructureDefinition/SARScoronavirus2RNAPrThrPtXXXOrdPrbAmpTarLabObs"
        },
        "name": "SARS coronavirus 2 RNA [Presence] in Unspecified specimen by NAA with probe detection",
        "description": "SARScoronavirus2RNAPrThrXXXOrdPrbAmpTar is the laboratory model for the SARS Coronavirus 2 specific for RNA and method of probe, target amplification but not specific to specimen type. LOINC code 94309-2.",
        "exampleBoolean": false
      },
      {
        "extension": [
          {
            "url": "http://hl7.org/fhir/tools/StructureDefinition/resource-information",
            "valueString": "StructureDefinition:resource"
          },
          {
            "url": "http://hl7.org/fhir/StructureDefinition/implementationguide-page",
            "valueUri": "StructureDefinition-SARScoronavirus2RdRpGenePrThePtRespOrdPrbAmpTarLabObs.html"
          }
        ],
        "reference": {
          "reference": "StructureDefinition/SARScoronavirus2RdRpGenePrThePtRespOrdPrbAmpTarLabObs"
        },
        "name": "SARS coronavirus 2 RdRp gene [Presence] in Respiratory specimen by NAA with probe detection",
        "description": "SARScoronavirus2RdRpGenePrThePtRespOrdPrbAmpTar is a test for the SARS coronavirus 2 RdRp gene in respiratory specimens. LOINC code 94534-5.",
        "exampleBoolean": false
      },
      {
        "extension": [
          {
            "url": "http://hl7.org/fhir/tools/StructureDefinition/resource-information",
            "valueString": "StructureDefinition:resource"
          },
          {
            "url": "http://hl7.org/fhir/StructureDefinition/implementationguide-page",
            "valueUri": "StructureDefinition-SARScoronavirus2RdRpGenePrThrPtXXXOrdPrbAmpTarLabObs.html"
          }
        ],
        "reference": {
          "reference": "StructureDefinition/SARScoronavirus2RdRpGenePrThrPtXXXOrdPrbAmpTarLabObs"
        },
        "name": "SARS coronavirus 2 RdRp gene [Presence] in Unspecified specimen by NAA with probe detection",
        "description": "SARScoronavirus2RdRpGenePrThrPtXXXOrdPrbAmpTarLabObs is a test for the SARS coronavirus 2 RdRp gene via the probe target amplification method in non-respiratory specimens. LOINC code 94314-2.",
        "exampleBoolean": false
      },
      {
        "extension": [
          {
            "url": "http://hl7.org/fhir/tools/StructureDefinition/resource-information",
            "valueString": "StructureDefinition:resource"
          },
          {
            "url": "http://hl7.org/fhir/StructureDefinition/implementationguide-page",
            "valueUri": "StructureDefinition-SARSrelatedCoVPlusMERSCoVRNAPrThrPtRespOrdPrbAmpTarLabObs.html"
          }
        ],
        "reference": {
          "reference": "StructureDefinition/SARSrelatedCoVPlusMERSCoVRNAPrThrPtRespOrdPrbAmpTarLabObs"
        },
        "name": "SARS-related coronavirus+MERS coronavirus RNA [Presence] in Respiratory specimen by NAA with probe detection",
        "description": "SARSrelatedcoronavirusPlusMERScoronavirusRNAPrThrPtRespOrdPrbAmpTar is a combined test for SARS coronavirus 2 RNA (not gene specific) and MERS coronavirus RNA. LOINC code 94532-9.",
        "exampleBoolean": false
      },
      {
        "extension": [
          {
            "url": "http://hl7.org/fhir/tools/StructureDefinition/resource-information",
            "valueString": "StructureDefinition:resource"
          },
          {
            "url": "http://hl7.org/fhir/StructureDefinition/implementationguide-page",
            "valueUri": "StructureDefinition-travel-history.html"
          }
        ],
        "reference": {
          "reference": "StructureDefinition/travel-history"
        },
        "name": "Travel History",
        "description": "The country or countries to which the subject may have traveled.",
        "exampleBoolean": false
      },
      {
        "extension": [
          {
            "url": "http://hl7.org/fhir/tools/StructureDefinition/resource-information",
            "valueString": "StructureDefinition:extension"
          },
          {
            "url": "http://hl7.org/fhir/StructureDefinition/implementationguide-page",
            "valueUri": "StructureDefinition-certainty-of-absence.html"
          }
        ],
        "reference": {
          "reference": "StructureDefinition/certainty-of-absence"
        },
        "name": "Certainty of Absence",
        "description": "An extension to capture the degree certainty of the non-existence of a condition.",
        "exampleBoolean": false
      },
      {
        "extension": [
          {
            "url": "http://hl7.org/fhir/tools/StructureDefinition/resource-information",
            "valueString": "StructureDefinition:extension"
          },
          {
            "url": "http://hl7.org/fhir/StructureDefinition/implementationguide-page",
            "valueUri": "StructureDefinition-certainty-of-presence.html"
          }
        ],
        "reference": {
          "reference": "StructureDefinition/certainty-of-presence"
        },
        "name": "Certainty of Presence",
        "description": "An extension to capture the degree certainty of the existence of a condition.",
        "exampleBoolean": false
      },
      {
        "extension": [
          {
            "url": "http://hl7.org/fhir/tools/StructureDefinition/resource-information",
            "valueString": "StructureDefinition:extension"
          },
          {
            "url": "http://hl7.org/fhir/StructureDefinition/implementationguide-page",
            "valueUri": "StructureDefinition-c19-reporting-priority.html"
          }
        ],
        "reference": {
          "reference": "StructureDefinition/c19-reporting-priority"
        },
        "name": "Reporting Priority",
        "description": "The urgency level for which an observation must be reported.",
        "exampleBoolean": false
      },
      {
        "extension": [
          {
            "url": "http://hl7.org/fhir/tools/StructureDefinition/resource-information",
            "valueString": "ValueSet"
          },
          {
            "url": "http://hl7.org/fhir/StructureDefinition/implementationguide-page",
            "valueUri": "ValueSet-covid-19-diagnosis-vs.html"
          }
        ],
        "reference": {
          "reference": "ValueSet/covid-19-diagnosis-vs"
        },
        "name": "COVID 19 Diagnosis Value Set",
        "description": "A set of SNOMED CT codes that describe the diagnosed condition that is due to SARS coronavirus 2 infection.",
        "exampleBoolean": false
      },
      {
        "extension": [
          {
            "url": "http://hl7.org/fhir/tools/StructureDefinition/resource-information",
            "valueString": "ValueSet"
          },
          {
            "url": "http://hl7.org/fhir/StructureDefinition/implementationguide-page",
            "valueUri": "ValueSet-covid19-signs-1nd-symptoms-value-set.html"
          }
        ],
        "reference": {
          "reference": "ValueSet/covid19-signs-1nd-symptoms-value-set"
        },
        "name": "COVID 19 Signs and Symptoms Value Set",
        "description": "The set of SNOMED CT codes that represent the signs and symptoms associated with COVID 19.",
        "exampleBoolean": false
      },
      {
        "extension": [
          {
            "url": "http://hl7.org/fhir/tools/StructureDefinition/resource-information",
            "valueString": "ValueSet"
          },
          {
            "url": "http://hl7.org/fhir/StructureDefinition/implementationguide-page",
            "valueUri": "ValueSet-certainty-0f-absence-value-set.html"
          }
        ],
        "reference": {
          "reference": "ValueSet/certainty-0f-absence-value-set"
        },
        "name": "Certainty of Absence Value Set",
        "description": "The set of SNOMED CT codes that represent the leve of certainty that a condition does not exist.",
        "exampleBoolean": false
      },
      {
        "extension": [
          {
            "url": "http://hl7.org/fhir/tools/StructureDefinition/resource-information",
            "valueString": "ValueSet"
          },
          {
            "url": "http://hl7.org/fhir/StructureDefinition/implementationguide-page",
            "valueUri": "ValueSet-certainty-of-presence-value-set.html"
          }
        ],
        "reference": {
          "reference": "ValueSet/certainty-of-presence-value-set"
        },
        "name": "Certainty of PresenceVS",
        "description": "The set of SNOMED CT codes that represent the level of certainty that a condition exists.",
        "exampleBoolean": false
      },
      {
        "extension": [
          {
            "url": "http://hl7.org/fhir/tools/StructureDefinition/resource-information",
            "valueString": "ValueSet"
          },
          {
            "url": "http://hl7.org/fhir/StructureDefinition/implementationguide-page",
            "valueUri": "ValueSet-close-contact-setting-vs.html"
          }
        ],
        "reference": {
          "reference": "ValueSet/close-contact-setting-vs"
        },
        "name": "Close Contact Setting Value Set",
        "description": "The SNOMED CT codes that describe teh situation in which a close contact exposure was made with an infected individual.",
        "exampleBoolean": false
      },
      {
        "extension": [
          {
            "url": "http://hl7.org/fhir/tools/StructureDefinition/resource-information",
            "valueString": "ValueSet"
          },
          {
            "url": "http://hl7.org/fhir/StructureDefinition/implementationguide-page",
            "valueUri": "ValueSet-country-codes-vs.html"
          }
        ],
        "reference": {
          "reference": "ValueSet/country-codes-vs"
        },
        "name": "Country Codes Value Set",
        "description": "The set of SNOMED CT codes that represent countries.",
        "exampleBoolean": false
      },
      {
        "extension": [
          {
            "url": "http://hl7.org/fhir/tools/StructureDefinition/resource-information",
            "valueString": "ValueSet"
          },
          {
            "url": "http://hl7.org/fhir/StructureDefinition/implementationguide-page",
            "valueUri": "ValueSet-covid19-det-not-det-eq-in-vs.html"
          }
        ],
        "reference": {
          "reference": "ValueSet/covid19-det-not-det-eq-in-vs"
        },
        "name": "Detected-Not Detected-Equivalent-Inconclusive Value Set",
        "description": "A set of SNOMED codes representing the result of a test as detected, not detected, equivalent, or inconclusive.",
        "exampleBoolean": false
      },
      {
        "extension": [
          {
            "url": "http://hl7.org/fhir/tools/StructureDefinition/resource-information",
            "valueString": "ValueSet"
          },
          {
            "url": "http://hl7.org/fhir/StructureDefinition/implementationguide-page",
            "valueUri": "ValueSet-healthcare-occupation-value-set.html"
          }
        ],
        "reference": {
          "reference": "ValueSet/healthcare-occupation-value-set"
        },
        "name": "Healthcare Occupation Value Set",
        "description": "A set of SNOMED CT codes that represent occupations within the health care industry.",
        "exampleBoolean": false
      },
      {
        "extension": [
          {
            "url": "http://hl7.org/fhir/tools/StructureDefinition/resource-information",
            "valueString": "ValueSet"
          },
          {
            "url": "http://hl7.org/fhir/StructureDefinition/implementationguide-page",
            "valueUri": "ValueSet-known-exposure-la-ValueSet.html"
          }
        ],
        "reference": {
          "reference": "ValueSet/known-exposure-la-ValueSet"
        },
        "name": "Known Exposure LOINC Answer Value Set",
        "description": "A set of LOINC answers for known expopsure",
        "exampleBoolean": false
      },
      {
        "extension": [
          {
            "url": "http://hl7.org/fhir/tools/StructureDefinition/resource-information",
            "valueString": "ValueSet"
          },
          {
            "url": "http://hl7.org/fhir/StructureDefinition/implementationguide-page",
            "valueUri": "ValueSet-covid19-pos-neg-vs.html"
          }
        ],
        "reference": {
          "reference": "ValueSet/covid19-pos-neg-vs"
        },
        "name": "Positive/Negative Value Set",
        "description": "A set of SNOMED codes representing the result of a test as positive or negative.",
        "exampleBoolean": false
      },
      {
        "extension": [
          {
            "url": "http://hl7.org/fhir/tools/StructureDefinition/resource-information",
            "valueString": "ValueSet"
          },
          {
            "url": "http://hl7.org/fhir/StructureDefinition/implementationguide-page",
            "valueUri": "ValueSet-covid19-reporting-priority-vs.html"
          }
        ],
        "reference": {
          "reference": "ValueSet/covid19-reporting-priority-vs"
        },
        "name": "Reporting Priorities Value Set",
        "description": "A set of SNOMED codes representing how important it is to report a lab or other observation.",
        "exampleBoolean": false
      },
      {
        "extension": [
          {
            "url": "http://hl7.org/fhir/tools/StructureDefinition/resource-information",
            "valueString": "ValueSet"
          },
          {
            "url": "http://hl7.org/fhir/StructureDefinition/implementationguide-page",
            "valueUri": "ValueSet-state-codes-vs.html"
          }
        ],
        "reference": {
          "reference": "ValueSet/state-codes-vs"
        },
        "name": "State Codes Value Set",
        "description": "The list of SNOMED CT codes that represent states.",
        "exampleBoolean": false
      },
      {
        "extension": [
          {
            "url": "http://hl7.org/fhir/tools/StructureDefinition/resource-information",
            "valueString": "ValueSet"
          },
          {
            "url": "http://hl7.org/fhir/StructureDefinition/implementationguide-page",
            "valueUri": "ValueSet-yes-no-vs.html"
          }
        ],
        "reference": {
          "reference": "ValueSet/yes-no-vs"
        },
        "name": "Yes/No Value Set",
        "description": "The SNOMED CT codes to answer in the affirmative or negative.",
        "exampleBoolean": false
      }
    ],
    "page": {
      "nameUrl": "toc.html",
      "title": "Table of Contents",
      "generation": "html",
      "page": [
        {
          "nameUrl": "index.html",
          "title": "Home",
          "generation": "markdown"
        },
        {
          "nameUrl": "CaseReportingInfo.html",
          "title": "Case Reporting Info",
          "generation": "markdown"
        },
        {
          "nameUrl": "ExposureInfo.html",
          "title": "Exposure Info",
          "generation": "markdown"
        },
        {
          "nameUrl": "SignsSymptoms.html",
          "title": "Signs Symptoms",
          "generation": "markdown"
        },
        {
          "nameUrl": "LabProfiles.html",
          "title": "Lab Profiles",
          "generation": "markdown"
        }
      ]
    },
    "parameter": [
      {
        "code": "path-resource",
        "value": "input/capabilities"
      },
      {
        "code": "path-resource",
        "value": "input/examples"
      },
      {
        "code": "path-resource",
        "value": "input/extensions"
      },
      {
        "code": "path-resource",
        "value": "input/models"
      },
      {
        "code": "path-resource",
        "value": "input/operations"
      },
      {
        "code": "path-resource",
        "value": "input/profiles"
      },
      {
        "code": "path-resource",
        "value": "input/resources"
      },
      {
        "code": "path-resource",
        "value": "input/vocabulary"
      },
      {
        "code": "path-resource",
        "value": "input/maps"
      },
      {
        "code": "path-pages",
        "value": "template/config"
      },
      {
        "code": "path-pages",
        "value": "input/images"
      },
      {
        "code": "path-tx-cache",
        "value": "input-cache/txcache"
      }
    ]
  }
}