{
  "resourceType": "ValueSet",
  "id": "healthcare-occupation-value-set",
  "text": {
    "status": "generated",
    "div": "<div xmlns=\"http://www.w3.org/1999/xhtml\"><h2>Healthcare Occupation Value Set</h2><div><p>A set of SNOMED CT codes that represent occupations within the health care industry.</p>\n</div><ul><li>Include codes from <a href=\"http://www.snomed.org/\"><code>http://snomed.info/sct</code></a> where concept  is-a  223366009 (Healthcare professional)</li></ul></div>"
  },
  "url": "http://fhir.logicahealth.org/covid19/ValueSet/healthcare-occupation-value-set",
  "version": "0.2.0",
  "name": "HealthcareOccupationVS",
  "title": "Healthcare Occupation Value Set",
  "status": "active",
  "date": "2020-04-03T18:31:01-06:00",
  "publisher": "COVID-19 Healthcare Coalition",
  "contact": [
    {
      "name": "Logica Health",
      "telecom": [
        {
          "system": "url",
          "value": "https://c19hcc.org/"
        }
      ]
    }
  ],
  "description": "A set of SNOMED CT codes that represent occupations within the health care industry.",
  "compose": {
    "include": [
      {
        "system": "http://snomed.info/sct",
        "filter": [
          {
            "property": "concept",
            "op": "is-a",
            "value": "223366009"
          }
        ]
      }
    ]
  }
}