{
  "resourceType": "ValueSet",
  "id": "covid19-pos-neg-vs",
  "text": {
    "status": "generated",
    "div": "<div xmlns=\"http://www.w3.org/1999/xhtml\"><h2>Positive/Negative Value Set</h2><div><p>A set of SNOMED codes representing the result of a test as positive or negative.</p>\n</div><ul><li>Include these codes as defined in <a href=\"http://www.snomed.org/\"><code>http://snomed.info/sct</code></a><table class=\"none\"><tr><td style=\"white-space:nowrap\"><b>Code</b></td><td><b>Display</b></td></tr><tr><td><a href=\"http://browser.ihtsdotools.org/?perspective=full&amp;conceptId1=10828004\">10828004</a></td><td>Positive (qualifier value)</td><td/></tr><tr><td><a href=\"http://browser.ihtsdotools.org/?perspective=full&amp;conceptId1=260385009\">260385009</a></td><td>Negative (qualifier value)</td><td/></tr></table></li></ul></div>"
  },
  "url": "http://fhir.logicahealth.org/covid19/ValueSet/covid19-pos-neg-vs",
  "version": "0.2.0",
  "name": "PosNegVS",
  "title": "Positive/Negative Value Set",
  "status": "active",
  "date": "2020-04-04T09:35:56-06:00",
  "publisher": "COVID-19 Healthcare Coalition",
  "contact": [
    {
      "name": "Logica Health",
      "telecom": [
        {
          "system": "url",
          "value": "https://c19hcc.org/"
        }
      ]
    }
  ],
  "description": "A set of SNOMED codes representing the result of a test as positive or negative.",
  "compose": {
    "include": [
      {
        "system": "http://snomed.info/sct",
        "concept": [
          {
            "code": "10828004",
            "display": "Positive (qualifier value)"
          },
          {
            "code": "260385009",
            "display": "Negative (qualifier value)"
          }
        ]
      }
    ]
  }
}