{
  "resourceType": "ValueSet",
  "id": "certainty-0f-absence-value-set",
  "text": {
    "status": "generated",
    "div": "<div xmlns=\"http://www.w3.org/1999/xhtml\"><h2>Certainty of Absence Value Set</h2><div><p>The set of SNOMED CT codes that represent the leve of certainty that a condition does not exist.</p>\n</div><ul><li>Include these codes as defined in <a href=\"http://www.snomed.org/\"><code>http://snomed.info/sct</code></a><table class=\"none\"><tr><td style=\"white-space:nowrap\"><b>Code</b></td><td><b>Display</b></td></tr><tr><td><a href=\"http://browser.ihtsdotools.org/?perspective=full&amp;conceptId1=410594000\">410594000</a></td><td>Definitely NOT present (qualifier value)</td><td/></tr><tr><td><a href=\"http://browser.ihtsdotools.org/?perspective=full&amp;conceptId1=723511001\">723511001</a></td><td>Refuted (qualifier value)</td><td/></tr></table></li></ul></div>"
  },
  "url": "http://fhir.logicahealth.org/covid19/ValueSet/certainty-0f-absence-value-set",
  "version": "0.2.0",
  "name": "CertaintyOfAbsenceVS",
  "title": "Certainty of Absence Value Set",
  "status": "active",
  "date": "2020-04-03T18:55:05-06:00",
  "publisher": "COVID-19 Healthcare Coalition",
  "contact": [
    {
      "name": "Logica Health",
      "telecom": [
        {
          "system": "url",
          "value": "https://c19hcc.org/"
        }
      ]
    }
  ],
  "description": "The set of SNOMED CT codes that represent the leve of certainty that a condition does not exist.",
  "compose": {
    "include": [
      {
        "system": "http://snomed.info/sct",
        "concept": [
          {
            "code": "410594000",
            "display": "Definitely NOT present (qualifier value)"
          },
          {
            "code": "723511001",
            "display": "Refuted (qualifier value)"
          }
        ]
      }
    ]
  }
}