{
  "resourceType": "ValueSet",
  "id": "known-exposure-la-ValueSet",
  "text": {
    "status": "generated",
    "div": "<div xmlns=\"http://www.w3.org/1999/xhtml\"><h2>Known Exposure LOINC Answer Value Set</h2><div><p>A set of LOINC answers for known expopsure</p>\n</div><ul><li>Include these codes as defined in <a href=\"http://loinc.org\"><code>http://loinc.org</code></a><table class=\"none\"><tr><td style=\"white-space:nowrap\"><b>Code</b></td><td><b>Display</b></td></tr><tr><td><a href=\"http://details.loinc.org/LOINC/LA30830-6.html\">LA30830-6</a></td><td>Travel to Wuhan</td><td/></tr><tr><td><a href=\"http://details.loinc.org/LOINC/LA30831-4.html\">LA30831-4</a></td><td>Travel to Hubei</td><td/></tr><tr><td><a href=\"http://details.loinc.org/LOINC/LA30832-2.html\">LA30832-2</a></td><td>Travel to mainland China</td><td/></tr><tr><td><a href=\"http://details.loinc.org/LOINC/LA30833-0.html\">LA30833-0</a></td><td>Travel to other non-US country</td><td/></tr><tr><td><a href=\"http://details.loinc.org/LOINC/LA30834-8.html\">LA30834-8</a></td><td>Household contact with other lab-confirmedCOVID-19 case-patient</td><td/></tr><tr><td><a href=\"http://details.loinc.org/LOINC/LA30835-5.html\">LA30835-5</a></td><td>Community contact with other lab-confirmedCOVID-19 case-patient</td><td/></tr><tr><td><a href=\"http://details.loinc.org/LOINC/LA30836-3.html\">LA30836-3</a></td><td>Any healthcare contact with other lab-confirmedCOVID-19 case-patient</td><td/></tr><tr><td><a href=\"http://details.loinc.org/LOINC/LA30837-1.html\">LA30837-1</a></td><td>Any healthcare contact wiht a Patient who is lab-confirmed COVID-19 case-patient</td><td/></tr><tr><td><a href=\"http://details.loinc.org/LOINC/LA30838-9.html\">LA30838-9</a></td><td>Any healthcare contact wiht a Visitor who is lab-confirmed COVID-19 case-patient</td><td/></tr><tr><td><a href=\"http://details.loinc.org/LOINC/LA30839-7.html\">LA30839-7</a></td><td>Any healthcare contact wiht a Healthcare Worker who is lab-confirmed COVID-19 case-patient</td><td/></tr><tr><td><a href=\"http://details.loinc.org/LOINC/LA30840-5.html\">LA30840-5</a></td><td>Animal Exposure</td><td/></tr><tr><td><a href=\"http://details.loinc.org/LOINC/LA30841-3.html\">LA30841-3</a></td><td>Exposure to a cluster of patients with severe acute lower respiratory distress of unknown etiology</td><td/></tr></table></li></ul></div>"
  },
  "url": "http://fhir.logicahealth.org/covid19/ValueSet/known-exposure-la-ValueSet",
  "version": "0.2.0",
  "name": "KnownExposureLAVS",
  "title": "Known Exposure LOINC Answer Value Set",
  "status": "active",
  "date": "2020-04-07T11:18:16-06:00",
  "publisher": "Logica",
  "contact": [
    {
      "name": "Logica",
      "telecom": [
        {
          "system": "url",
          "value": "https://logicahealth.org/"
        }
      ]
    }
  ],
  "description": "A set of LOINC answers for known expopsure",
  "compose": {
    "include": [
      {
        "system": "http://loinc.org",
        "concept": [
          {
            "code": "LA30830-6",
            "display": "Travel to Wuhan"
          },
          {
            "code": "LA30831-4",
            "display": "Travel to Hubei"
          },
          {
            "code": "LA30832-2",
            "display": "Travel to mainland China"
          },
          {
            "code": "LA30833-0",
            "display": "Travel to other non-US country"
          },
          {
            "code": "LA30834-8",
            "display": "Household contact with other lab-confirmedCOVID-19 case-patient"
          },
          {
            "code": "LA30835-5",
            "display": "Community contact with other lab-confirmedCOVID-19 case-patient"
          },
          {
            "code": "LA30836-3",
            "display": "Any healthcare contact with other lab-confirmedCOVID-19 case-patient"
          },
          {
            "code": "LA30837-1",
            "display": "Any healthcare contact wiht a Patient who is lab-confirmed COVID-19 case-patient"
          },
          {
            "code": "LA30838-9",
            "display": "Any healthcare contact wiht a Visitor who is lab-confirmed COVID-19 case-patient"
          },
          {
            "code": "LA30839-7",
            "display": "Any healthcare contact wiht a Healthcare Worker who is lab-confirmed COVID-19 case-patient"
          },
          {
            "code": "LA30840-5",
            "display": "Animal Exposure"
          },
          {
            "code": "LA30841-3",
            "display": "Exposure to a cluster of patients with severe acute lower respiratory distress of unknown etiology"
          }
        ]
      }
    ]
  }
}