{
  "resourceType": "ValueSet",
  "id": "close-contact-setting-vs",
  "text": {
    "status": "generated",
    "div": "<div xmlns=\"http://www.w3.org/1999/xhtml\"><h2>Close Contact Setting Value Set</h2><div><p>The SNOMED CT codes that describe teh situation in which a close contact exposure was made with an infected individual.</p>\n</div><ul><li>Include these codes as defined in <a href=\"http://www.snomed.org/\"><code>http://snomed.info/sct</code></a><table class=\"none\"><tr><td style=\"white-space:nowrap\"><b>Code</b></td><td><b>Display</b></td></tr><tr><td><a href=\"http://browser.ihtsdotools.org/?perspective=full&amp;conceptId1=43741000\">43741000</a></td><td>Site of care (environment)</td><td/></tr><tr><td><a href=\"http://browser.ihtsdotools.org/?perspective=full&amp;conceptId1=272497004\">272497004</a></td><td>Residential  (environment)</td><td/></tr><tr><td><a href=\"http://browser.ihtsdotools.org/?perspective=full&amp;conceptId1=285141008\">285141008</a></td><td>Work environment (environment)</td><td/></tr><tr><td><a href=\"http://browser.ihtsdotools.org/?perspective=full&amp;conceptId1=24721000205109\">24721000205109</a></td><td>Unknown environment (environment)</td><td/></tr></table></li></ul></div>"
  },
  "url": "http://fhir.logicahealth.org/covid19/ValueSet/close-contact-setting-vs",
  "version": "0.2.0",
  "name": "CloseContactSettingVS",
  "title": "Close Contact Setting Value Set",
  "status": "active",
  "date": "2020-04-06T17:10:49-06:00",
  "publisher": "Logica",
  "contact": [
    {
      "name": "Logica",
      "telecom": [
        {
          "system": "url",
          "value": "https://logicahealth.org/"
        }
      ]
    }
  ],
  "description": "The SNOMED CT codes that describe teh situation in which a close contact exposure was made with an infected individual.",
  "compose": {
    "include": [
      {
        "system": "http://snomed.info/sct",
        "concept": [
          {
            "code": "43741000",
            "display": "Site of care (environment)"
          },
          {
            "code": "272497004",
            "display": "Residential  (environment)"
          },
          {
            "code": "285141008",
            "display": "Work environment (environment)"
          },
          {
            "code": "24721000205109",
            "display": "Unknown environment (environment)"
          }
        ]
      }
    ]
  }
}